id,title,description,startTime,endTime,location,track,level,tags,sourceUrl,lastUpdated,createdAt
cmffpi0hr007m3z7gdb7413x0,Badge Pickup Hours,AI Recommended,2025-10-15T11:00:00.000Z,2025-10-15T23:00:00.000Z,Mandalay Bay Foyer | Level 2,AI Track,All,AI|recommended|day1,,2025-09-11T17:52:48.640Z,2025-09-11T17:52:48.640Z
cmffpi0hs007n3z7gri67hy6v,Breakfast Sponsored by Jackson,Session Sponsor | Jackson,2025-10-15T11:00:00.000Z,2025-10-15T12:30:00.000Z,Shoreline | Level 2,Networking,All,meal|sponsored|day1,,2025-09-11T17:52:48.641Z,2025-09-11T17:52:48.641Z
cmffpi0h400773z7g2ajf4qfh,WIISE Workshop: Registration Opens,Join us for WIISE Workshop: Registration Opens,2025-10-15T12:00:00.000Z,2025-10-15T13:00:00.000Z,Mandalay Bay Ballroom IWIISE Workshop,WIISE,All,workshop|day1,,2025-09-11T17:52:48.617Z,2025-09-11T17:52:48.617Z
cmffpi0ht007o3z7gw08n9nzv,"Breakfast, Bold Ideas, and the Future of Insurance Sponsored by MetLife Xcelerator",Session Sponsor,2025-10-15T12:00:00.000Z,2025-10-15T13:00:00.000Z,Mandalay Bay Ballroom F,LATAM,All,meal|sponsored|LATAM|day1,,2025-09-11T17:52:48.641Z,2025-09-11T17:52:48.641Z
cmffpi0hx007p3z7gnwu20ylw,Masterclass: Monetization Strategies for Growth In Partnership with Simon-Kucher,Join us for Masterclass: Monetization Strategies for Growth In Partnership with Simon-Kucher,2025-10-15T12:30:00.000Z,2025-10-15T16:00:00.000Z,Oceanside Ballroom BMasterclass Series,Masterclass,All,masterclass|day1,,2025-09-11T17:52:48.646Z,2025-09-11T17:52:48.646Z
cmffpi0i2007q3z7g7x5vlfwv,Mastering Monetization: Why It Matters and Strategies That Drive Growth,"Michael NadelPartner and Head of North American Insurance Practice - Simon-Kucher & Partners | Sara YamasePartner and Managing Partner of Technology, Media & Telecom - Simon-Kucher & Partners",2025-10-15T12:45:00.000Z,2025-10-15T14:00:00.000Z,Oceanside Ballroom B,Masterclass,All,masterclass|day1,,2025-09-11T17:52:48.650Z,2025-09-11T17:52:48.650Z
cmffpi0h900783z7g5f9eok9q,WIISE Workshop: Welcome and Registration,Join us for WIISE Workshop: Welcome and Registration,2025-10-15T13:00:00.000Z,2025-10-15T13:20:00.000Z,Mandalay Bay Ballroom IWIISE Workshop,WIISE,All,workshop|day1,,2025-09-11T17:52:48.621Z,2025-09-11T17:52:48.621Z
cmffpi0ie007t3z7gnrqv9zlg,ITC LATAM Opening Remarks,Join us for ITC LATAM Opening Remarks,2025-10-15T13:00:00.000Z,2025-10-15T13:10:00.000Z,Mandalay Bay Ballroom F,LATAM,All,LATAM|day1,,2025-09-11T17:52:48.663Z,2025-09-11T17:52:48.663Z
cmffpi0ia007s3z7ggydcrumf,ITC Agents & Brokers Expo Floor Open,Join us for ITC Agents & Brokers Expo Floor Open,2025-10-15T13:00:00.000Z,2025-10-15T21:00:00.000Z,Mandalay Bay Ballroom G,Agents,All,agents|brokers|day1,,2025-09-11T17:52:48.658Z,2025-09-11T17:52:48.658Z
cmffpi0i6007r3z7g9z90uu2q,Clearspeed Trust Faster Summit (Carriers Only),Session Sponsor | Clearspeed,2025-10-15T13:00:00.000Z,2025-10-15T17:00:00.000Z,Mandalay Bay Ballroom K,Summit,All,sponsored|day1,,2025-09-11T17:52:48.655Z,2025-09-11T17:52:48.655Z
cmffpi0iu007u3z7gpvxwh7oe,ITC LATAM Opening Keynote: State of the Insurtech Union,Hugues BertinCEO and President - Digital Insurance LATAM and AIP,2025-10-15T13:10:00.000Z,2025-10-15T13:30:00.000Z,Mandalay Bay Ballroom F,LATAM,All,InsurTech|keynote|LATAM|day1,,2025-09-11T17:52:48.678Z,2025-09-11T17:52:48.678Z
cmffpi0ha00793z7goi9pi11x,WIISE Workshop: The Mirror of Integrity: Lifting Ourselves by Reflecting the Best in Others,Join us for WIISE Workshop: The Mirror of Integrity: Lifting Ourselves by Reflecting the Best in Others,2025-10-15T13:20:00.000Z,2025-10-15T14:00:00.000Z,Mandalay Bay Ballroom IWIISE Workshop,WIISE,All,workshop|day1,,2025-09-11T17:52:48.623Z,2025-09-11T17:52:48.623Z
cmffpi0ja007w3z7gf9c9c9fb,State of the Insurtech Union: From the Investors' Point of View,Join us for State of the Insurtech Union: From the Investors' Point of View,2025-10-15T13:30:00.000Z,2025-10-15T13:45:00.000Z,Mandalay Bay Ballroom F,LATAM,All,InsurTech|LATAM|day1,,2025-09-11T17:52:48.695Z,2025-09-11T17:52:48.695Z
cmffpi0j6007v3z7gxc2xr9mc,ITC Agents Opening Remarks,Join us for ITC Agents Opening Remarks,2025-10-15T13:30:00.000Z,2025-10-15T13:40:00.000Z,Mandalay Bay Ballroom E,Agents,All,agents|day1,,2025-09-11T17:52:48.691Z,2025-09-11T17:52:48.691Z
cmffpi0jn007x3z7g67xey4k1,Escape the Rabbit Hole: Finding Your Way in the Wonderland of Agency AI,Session Sponsor,2025-10-15T13:40:00.000Z,2025-10-15T14:00:00.000Z,Mandalay Bay Ballroom E,Agents,All,AI|sponsored|agents|day1,,2025-09-11T17:52:48.707Z,2025-09-11T17:52:48.707Z
cmffpi0k8007y3z7ggxynrb3i,State of the Union of Insurance Broking in America,Join us for State of the Union of Insurance Broking in America,2025-10-15T13:40:00.000Z,2025-10-15T14:00:00.000Z,Mandalay Bay Ballroom H -,Brokers,All,brokers|day1,,2025-09-11T17:52:48.728Z,2025-09-11T17:52:48.728Z
cmffpi0kd007z3z7ggxoizum0,Are Social Impact Alliances a New Solution to Reduce the Insurance Gap in Latin America?,Session Sponsor,2025-10-15T13:45:00.000Z,2025-10-15T14:00:00.000Z,Mandalay Bay Ballroom F,LATAM,All,sponsored|LATAM|day1,,2025-09-11T17:52:48.733Z,2025-09-11T17:52:48.733Z
cmffpi0ko00813z7g2f8wifzw,How I Built This: The Bowhead Specialty Story and What’s Next,Join us for How I Built This: The Bowhead Specialty Story and What’s Next,2025-10-15T14:00:00.000Z,2025-10-15T14:30:00.000Z,Mandalay Bay Ballroom H -,Brokers,All,brokers|day1,,2025-09-11T17:52:48.745Z,2025-09-11T17:52:48.745Z
cmffpi0kj00803z7g8shosgw4,Cracking the Code: What Insurtech Buyers Really Want,AI Recommended,2025-10-15T14:00:00.000Z,2025-10-15T14:45:00.000Z,Oceanside Ballroom B,Masterclass,All,AI|InsurTech|masterclass|recommended|day1,,2025-09-11T17:52:48.739Z,2025-09-11T17:52:48.739Z
cmffpi0hc007a3z7g6bmljkhw,WIISE Workshop: The Power of Unleashing Creativity (Keynote),Join us for WIISE Workshop: The Power of Unleashing Creativity (Keynote),2025-10-15T14:00:00.000Z,2025-10-15T15:00:00.000Z,Mandalay Bay Ballroom IWIISE Workshop,WIISE,All,workshop|keynote|day1,,2025-09-11T17:52:48.625Z,2025-09-11T17:52:48.625Z
cmffpi0kr00823z7goae2fo2m,The No-Cold-Call Millionaire: How I Wrote $2M in Revenue Without Dialing Once,Join us for The No-Cold-Call Millionaire: How I Wrote $2M in Revenue Without Dialing Once,2025-10-15T14:00:00.000Z,2025-10-15T14:30:00.000Z,Mandalay Bay Ballroom E,Agents,All,agents|day1,,2025-09-11T17:52:48.748Z,2025-09-11T17:52:48.748Z
cmffpi0kz00853z7gp03d3otg,"Mic Drop: Why I Made the Move From Carrier to Insurtech, and Where I See Potential in Argentina","Join us for Mic Drop: Why I Made the Move From Carrier to Insurtech, and Where I See Potential in Argentina",2025-10-15T14:30:00.000Z,2025-10-15T14:45:00.000Z,Mandalay Bay Ballroom F,LATAM,All,InsurTech|LATAM|day1,,2025-09-11T17:52:48.756Z,2025-09-11T17:52:48.756Z
cmffpi0kt00833z7ghl0fvfb6,"Inside the Distribution Shake-Up: How Brokers, MGAs, MGUs & Hybrid Fronting Carriers Can Win the Next Era Presented by Novidea",Session Sponsor | Novidea,2025-10-15T14:30:00.000Z,2025-10-15T14:50:00.000Z,Mandalay Bay Ballroom H -,Brokers,All,sponsored|brokers|distribution|day1,,2025-09-11T17:52:48.749Z,2025-09-11T17:52:48.749Z
cmffpi0kx00843z7gm2m9f5wg,ITC Agents Coffee and Expo,Join us for ITC Agents Coffee and Expo,2025-10-15T14:30:00.000Z,2025-10-15T15:15:00.000Z,Mandalay Bay Ballroom E,Agents,All,agents|day1,,2025-09-11T17:52:48.753Z,2025-09-11T17:52:48.753Z
cmffpi0l700873z7gxz8kpyrb,Clearspeed Gives Back,AI Recommended,2025-10-15T15:00:00.000Z,2025-10-15T18:00:00.000Z,Mandalay Bay Foyer | Level 2,AI Track,All,AI|recommended|day1,,2025-09-11T17:52:48.764Z,2025-09-11T17:52:48.764Z
cmffpi0l500863z7gf4v124jr,A New Era for Underwriting: AI as a Competitive Advantage,Session Sponsor | Pega,2025-10-15T15:00:00.000Z,2025-10-15T16:00:00.000Z,Mandalay Bay Ballroom IPegasystems,Summit,All,AI|sponsored|underwriting|day1,,2025-09-11T17:52:48.761Z,2025-09-11T17:52:48.761Z
cmffpi0lj008b3z7gvdti41t4,Tata Consultancy Services Kickoff Summit: Leading the Intelligence Revolution in Insurance,Join us for Tata Consultancy Services Kickoff Summit: Leading the Intelligence Revolution in Insurance,2025-10-15T15:00:00.000Z,2025-10-15T19:00:00.000Z,Mandalay Bay Ballroom D,Summit,All,day1,,2025-09-11T17:52:48.776Z,2025-09-11T17:52:48.776Z
cmffpi0lb00893z7g1q4qoep9,How AI Is Reshaping How Insurance Operates,Session Sponsor,2025-10-15T15:00:00.000Z,2025-10-15T15:55:00.000Z,Mandalay Bay Ballroom DTata Consultancy Services,Summit,All,AI|sponsored|day1,,2025-09-11T17:52:48.767Z,2025-09-11T17:52:48.767Z
cmffpi0hf007b3z7g5ghctd5l,WIISE Workshop: Menafactor Moment,Join us for WIISE Workshop: Menafactor Moment,2025-10-15T15:00:00.000Z,2025-10-15T15:45:00.000Z,Mandalay Bay Ballroom IWIISE Workshop,WIISE,All,workshop|day1,,2025-09-11T17:52:48.628Z,2025-09-11T17:52:48.628Z
cmffpi0le008a3z7g0ylixxje,Pegasystems Kickoff Summit: Insurance Reimagined: The AI Advantage,Session Sponsor | Pega,2025-10-15T15:00:00.000Z,2025-10-15T20:30:00.000Z,Mandalay Bay Ballroom I,Summit,All,AI|sponsored|day1,,2025-09-11T17:52:48.770Z,2025-09-11T17:52:48.770Z
cmffpi0l900883z7gfhqyepa5,Group Breakout Sessions,Join us for Group Breakout Sessions,2025-10-15T15:00:00.000Z,2025-10-15T15:45:00.000Z,Oceanside Ballroom B,Masterclass,All,masterclass|day1,,2025-09-11T17:52:48.765Z,2025-09-11T17:52:48.765Z
cmffpi0ln008c3z7g938m8393,"Smart Agents, Smarter Back Offices: How AI Turns Agents Into Experts… and Other Game-Changing Hacks to Turn Your Workforce Into Heroes","Join us for Smart Agents, Smarter Back Offices: How AI Turns Agents Into Experts… and Other Game-Changing Hacks to Turn Your Workforce Into Heroes",2025-10-15T15:15:00.000Z,2025-10-15T15:30:00.000Z,Mandalay Bay Ballroom E,Agents,All,AI|agents|day1,,2025-09-11T17:52:48.780Z,2025-09-11T17:52:48.780Z
cmffpi0lw008d3z7gxti9g69h,"We Don’t Need Another App: Why Insurance Needs Infrastructure, Not Interfaces","Join us for We Don’t Need Another App: Why Insurance Needs Infrastructure, Not Interfaces",2025-10-15T15:20:00.000Z,2025-10-15T15:35:00.000Z,Mandalay Bay Ballroom F,LATAM,All,LATAM|day1,,2025-09-11T17:52:48.788Z,2025-09-11T17:52:48.788Z
cmffpi0m8008e3z7g8o0m6e79,"What Happens to the Agency in the Age of AI? Disruption, Opportunity, and What Every Agent Needs to Know for the Road Ahead","Join us for What Happens to the Agency in the Age of AI? Disruption, Opportunity, and What Every Agent Needs to Know for the Road Ahead",2025-10-15T15:30:00.000Z,2025-10-15T15:45:00.000Z,Mandalay Bay Ballroom E,Agents,All,agents|day1,,2025-09-11T17:52:48.801Z,2025-09-11T17:52:48.801Z
cmffpi0hh007c3z7g8vyvzq9e,ITC Vegas Golf Tournament Registration & Check-In,Join us for ITC Vegas Golf Tournament Registration & Check-In,2025-10-15T15:30:00.000Z,2025-10-15T17:00:00.000Z,Bali Hai Golf Club,Golf,All,AI|golf|day1,,2025-09-11T17:52:48.629Z,2025-09-11T17:52:48.629Z
cmffpi0mr008g3z7g2e4o7c83,Transforming Health Insurance Using Insights From Behavioral Economics – A Detailed Before-And-After Case Study From Ecuador,"Lindsey PassaicVP Growth, Americas - Vitality | AI Recommended",2025-10-15T15:40:00.000Z,2025-10-15T15:55:00.000Z,Mandalay Bay Ballroom F,LATAM,All,AI|LATAM|recommended|day1,,2025-09-11T17:52:48.820Z,2025-09-11T17:52:48.820Z
cmffpi0md008f3z7gy640ilht,From Talk to Triumph: Why Now Is the Moment for Brokers to Prioritize Tech Adoption (And How to Do It) Presented by IntellectAI,Session Sponsor | IntellectAI,2025-10-15T15:40:00.000Z,2025-10-15T16:00:00.000Z,Mandalay Bay Ballroom H -,Brokers,All,AI|sponsored|brokers|day1,,2025-09-11T17:52:48.805Z,2025-09-11T17:52:48.805Z
cmffpi0hj007d3z7g1a1u3vd5,WIISE Workshop: Lunch,Join us for WIISE Workshop: Lunch,2025-10-15T15:45:00.000Z,2025-10-15T17:00:00.000Z,Mandalay Bay Ballroom IWIISE Workshop,WIISE,All,workshop|meal|day1,,2025-09-11T17:52:48.632Z,2025-09-11T17:52:48.632Z
cmffpi0n4008i3z7gzvckzanp,"Consolidation, Technology, and Resilience: How This Carrier Sees Efficiency Gains for Independent Agents and Why They’re Doubling Down on Them","Join us for Consolidation, Technology, and Resilience: How This Carrier Sees Efficiency Gains for Independent Agents and Why They’re Doubling Down on Them",2025-10-15T15:45:00.000Z,2025-10-15T16:15:00.000Z,Mandalay Bay Ballroom E,Agents,All,agents|day1,,2025-09-11T17:52:48.833Z,2025-09-11T17:52:48.833Z
cmffpi0n2008h3z7gs9gubatg,Closing Remarks,Join us for Closing Remarks,2025-10-15T15:45:00.000Z,2025-10-15T16:00:00.000Z,Oceanside Ballroom B,Masterclass,All,masterclass|day1,,2025-09-11T17:52:48.830Z,2025-09-11T17:52:48.830Z
cmffpi0ny008k3z7gmlovp7nz,From AI Pilots to AI-First Insurers: Designing for What Comes Next,Session Sponsor,2025-10-15T16:00:00.000Z,2025-10-15T16:40:00.000Z,Mandalay Bay Ballroom DTata Consultancy Services,Summit,All,AI|sponsored|day1,,2025-09-11T17:52:48.863Z,2025-09-11T17:52:48.863Z
cmffpi0o3008l3z7gzh5isui6,Lunch Sponsored by isolved,Session Sponsor | isolved,2025-10-15T16:00:00.000Z,2025-10-15T17:30:00.000Z,Shoreline | Level 2,Networking,All,meal|sponsored|day1,,2025-09-11T17:52:48.867Z,2025-09-11T17:52:48.867Z
cmffpi0no008j3z7gxz2fcxki,"Datos Insights Kickoff Summit: The Insurance AI Reality Check - Successes, Failures and What’s Next (Carriers Only)",Session Sponsor,2025-10-15T16:00:00.000Z,2025-10-15T22:00:00.000Z,Lagoon Ballroom KL,Summit,All,AI|sponsored|day1,,2025-09-11T17:52:48.852Z,2025-09-11T17:52:48.852Z
cmffpi0o5008m3z7g98whwa9y,Viewpoint Ventures Kickoff Summit: Corporate Development / Innovation / Strategy Summit,Session Sponsor,2025-10-15T16:00:00.000Z,2025-10-15T20:00:00.000Z,Mandalay Bay Ballroom BC,Summit,All,sponsored|day1,,2025-09-11T17:52:48.869Z,2025-09-11T17:52:48.869Z
cmffpi0o8008n3z7gwu1gaa1v,ITC Agents & Brokers Lunch & Expo,Join us for ITC Agents & Brokers Lunch & Expo,2025-10-15T16:15:00.000Z,2025-10-15T17:45:00.000Z,Mandalay Bay Ballroom E,Agents,All,meal|agents|brokers|day1,,2025-09-11T17:52:48.873Z,2025-09-11T17:52:48.873Z
cmffpi0oa008o3z7g8qk2ekhk,"The Future Athlete Project With Des Linden, Boston Marathon Champion and Two-Time Olympian",Session Sponsor,2025-10-15T16:45:00.000Z,2025-10-15T17:15:00.000Z,Mandalay Bay Ballroom DTata Consultancy Services,Summit,All,sponsored|day1,,2025-09-11T17:52:48.875Z,2025-09-11T17:52:48.875Z
cmffpi0ol008p3z7gwon32ydf,Viewpoint Ventures Opening Remarks and State of Insurtech,Session Sponsor,2025-10-15T16:45:00.000Z,2025-10-15T17:10:00.000Z,Mandalay Bay Ballroom BCViewpoint Ventures,Summit,All,InsurTech|sponsored|day1,,2025-09-11T17:52:48.885Z,2025-09-11T17:52:48.885Z
cmffpi0pj008x3z7gkmqix8iy,Progressing the AI Insurance Use Case,Session Sponsor | Cognizant,2025-10-15T17:00:00.000Z,2025-10-15T17:20:00.000Z,Mandalay Bay Ballroom LCognizant,Summit,All,AI|sponsored|day1,,2025-09-11T17:52:48.919Z,2025-09-11T17:52:48.919Z
cmffpi0p0008u3z7gx694k6iy,EXL Kickoff Summit: AI in the Workflow - Opportunities & Risks for Insurance Carriers,Session Sponsor | EXL,2025-10-15T17:00:00.000Z,2025-10-15T21:00:00.000Z,Reef Ballroom BCEF,Summit,All,AI|sponsored|day1,,2025-09-11T17:52:48.900Z,2025-09-11T17:52:48.900Z
cmffpi0oy008t3z7gw7ahyjw9,Cognizant Kickoff Summit: Cognizant Experience | Creating Exponential Advantage While Engineering Empathy,Session Sponsor | Cognizant,2025-10-15T17:00:00.000Z,2025-10-15T21:00:00.000Z,Mandalay Bay Ballroom L,Summit,All,sponsored|day1,,2025-09-11T17:52:48.898Z,2025-09-11T17:52:48.898Z
cmffpi0ov008s3z7g5u2qqoeh,"Celent Kickoff Summit: Disrupt, Decode, Deliver - The Future Hits Fast",Session Sponsor | Celent,2025-10-15T17:00:00.000Z,2025-10-15T21:00:00.000Z,Surf Ballroom EF,Summit,All,sponsored|day1,,2025-09-11T17:52:48.896Z,2025-09-11T17:52:48.896Z
cmffpi0hl007f3z7gwh34o4zu,WIISE Workshop: The Magic of Marketing,Join us for WIISE Workshop: The Magic of Marketing,2025-10-15T17:00:00.000Z,2025-10-15T17:45:00.000Z,Mandalay Bay Ballroom IWIISE Workshop,WIISE,All,workshop|day1,,2025-09-11T17:52:48.633Z,2025-09-11T17:52:48.633Z
cmffpi0hk007e3z7gnggwe18m,ITC Vegas Golf Tournament,AI Recommended,2025-10-15T17:00:00.000Z,2025-10-15T21:30:00.000Z,Bali Hai Golf Club,Golf,All,AI|golf|recommended|day1,,2025-09-11T17:52:48.632Z,2025-09-11T17:52:48.632Z
cmffpi0or008r3z7gaqra3wxj,Celent Kickoff Summit Opening Remarks,Session Sponsor | Celent,2025-10-15T17:00:00.000Z,2025-10-15T17:10:00.000Z,Surf Ballroom EFCelent,Summit,All,sponsored|day1,,2025-09-11T17:52:48.892Z,2025-09-11T17:52:48.892Z
cmffpi0oo008q3z7g87njhdwf,AWS/Ensono/Verisk Kickoff Summit: Overcoming Life Insurance Modernization Challenges,Session Sponsor | Ensono,2025-10-15T17:00:00.000Z,2025-10-15T21:00:00.000Z,Lagoon Ballroom CDIJ,Summit,All,sponsored|day1,,2025-09-11T17:52:48.889Z,2025-09-11T17:52:48.889Z
cmffpi0po008y3z7gns9fy3my,Sureify Kickoff Summit and Life & Annuity Networking Mixer,Session Sponsor | Sureify,2025-10-15T17:00:00.000Z,2025-10-15T21:00:00.000Z,Breakers Ballroom CD,Summit,All,networking|sponsored|day1,,2025-09-11T17:52:48.925Z,2025-09-11T17:52:48.925Z
cmffpi0ph008w3z7g9gxnfpoj,Opening Remarks,Session Sponsor | EXL,2025-10-15T17:00:00.000Z,2025-10-15T17:20:00.000Z,Reef Ballroom BCEFEXL,Summit,All,sponsored|day1,,2025-09-11T17:52:48.917Z,2025-09-11T17:52:48.917Z
cmffpi0p4008v3z7g3gzesuhl,First Timers Orientation Sponsored by Yelp,Amy CooperCEO & Founder - RISE Professionals | Session Sponsor,2025-10-15T17:00:00.000Z,2025-10-15T18:15:00.000Z,Oceanside Ballroom B,General,All,sponsored|day1,,2025-09-11T17:52:48.904Z,2025-09-11T17:52:48.904Z
cmffpi0pt008z3z7gipo3gfbh,"Insurtech’s First Decade: Lessons, Misses & What’s Next",Session Sponsor,2025-10-15T17:10:00.000Z,2025-10-15T17:40:00.000Z,Mandalay Bay Ballroom BCViewpoint Ventures,Summit,All,InsurTech|sponsored|day1,,2025-09-11T17:52:48.929Z,2025-09-11T17:52:48.929Z
cmffpi0px00903z7gcbtxu6p9,InsurTechs in 2025 – Rethinking the Playbook,Session Sponsor | Celent,2025-10-15T17:10:00.000Z,2025-10-15T17:40:00.000Z,Surf Ballroom EFCelent,Summit,All,InsurTech|sponsored|day1,,2025-09-11T17:52:48.934Z,2025-09-11T17:52:48.934Z
cmffpi0qt00923z7gzfpifetd,Emerging Technology Demos,Session Sponsor,2025-10-15T17:20:00.000Z,2025-10-15T17:55:00.000Z,Mandalay Bay Ballroom DTata Consultancy Services,Summit,All,sponsored|day1,,2025-09-11T17:52:48.965Z,2025-09-11T17:52:48.965Z
cmffpi0ra00943z7g7ek653tp,Exclusive CXO Roundtable: Navigating Risks and Opportunities to GenAI and Agentic AI Adoption in Insurance,Session Sponsor | EXL,2025-10-15T17:20:00.000Z,2025-10-15T17:50:00.000Z,Reef Ballroom BCEFEXL,Summit,All,AI|sponsored|agents|day1,,2025-09-11T17:52:48.983Z,2025-09-11T17:52:48.983Z
cmffpi0q000913z7gp5c2ybg1,Embedded Insurance: Powering B2B2C Growth in Latin America’s Next Frontier,Stefano de LiguoroCEO - Insurama,2025-10-15T17:20:00.000Z,2025-10-15T17:35:00.000Z,Mandalay Bay Ballroom F,LATAM,All,LATAM|day1,,2025-09-11T17:52:48.936Z,2025-09-11T17:52:48.936Z
cmffpi0r100933z7gl8sgetmn,Engineering for Growth,Session Sponsor | Cognizant,2025-10-15T17:20:00.000Z,2025-10-15T17:40:00.000Z,Mandalay Bay Ballroom LCognizant,Summit,All,sponsored|day1,,2025-09-11T17:52:48.974Z,2025-09-11T17:52:48.974Z
cmffpi0rd00953z7grf2vbfre,Agentic Operations: A New Model for Insurance,Session Sponsor | Pega,2025-10-15T17:30:00.000Z,2025-10-15T18:30:00.000Z,Mandalay Bay Ballroom IPegasystems,Summit,All,sponsored|agents|day1,,2025-09-11T17:52:48.985Z,2025-09-11T17:52:48.985Z
cmffpi0rj00963z7gtkcn4hbz,Talk with the Regulator: How Brazil’s Bold Approach to Insurance Enables Innovation,Join us for Talk with the Regulator: How Brazil’s Bold Approach to Insurance Enables Innovation,2025-10-15T17:35:00.000Z,2025-10-15T18:05:00.000Z,Mandalay Bay Ballroom F,LATAM,All,LATAM|day1,,2025-09-11T17:52:48.991Z,2025-09-11T17:52:48.991Z
cmffpi0rt00973z7grfjoy59s,AI in Production: From Use‑Cases to Live Workflows,Session Sponsor,2025-10-15T17:40:00.000Z,2025-10-15T18:10:00.000Z,Mandalay Bay Ballroom BCViewpoint Ventures,Summit,All,AI|sponsored|day1,,2025-09-11T17:52:49.001Z,2025-09-11T17:52:49.001Z
cmffpi0rx00983z7gpjqboeka,Engineering for Empathy,Session Sponsor | Cognizant,2025-10-15T17:40:00.000Z,2025-10-15T18:00:00.000Z,Mandalay Bay Ballroom LCognizant,Summit,All,sponsored|day1,,2025-09-11T17:52:49.005Z,2025-09-11T17:52:49.005Z
cmffpi0hm007g3z7ghv9cz7dx,WIISE Workshop: Warrior Moment,Join us for WIISE Workshop: Warrior Moment,2025-10-15T17:45:00.000Z,2025-10-15T18:00:00.000Z,Mandalay Bay Ballroom IWIISE Workshop,WIISE,All,workshop|day1,,2025-09-11T17:52:48.634Z,2025-09-11T17:52:48.634Z
cmffpi0s900993z7g7hv0dloy,Creating Loyal Customers: Insights on the Claims and Payments Experience,Session Sponsor | Celent,2025-10-15T17:45:00.000Z,2025-10-15T18:15:00.000Z,Surf Ballroom EFCelent,Summit,All,sponsored|claims|day1,,2025-09-11T17:52:49.017Z,2025-09-11T17:52:49.017Z
cmffpi0sb009a3z7gxfrw3gi8,"The 32-Hour Workweek. Do Less, Make More",Session Sponsor,2025-10-15T17:45:00.000Z,2025-10-15T18:00:00.000Z,Mandalay Bay Ballroom E,Agents,All,sponsored|agents|day1,,2025-09-11T17:52:49.019Z,2025-09-11T17:52:49.019Z
cmffpi0sl009b3z7g81w5pa8h,"Fail Fast, Fail Forward. Notes on an Ambitious Launch That Didn’t Go to Plan","Join us for Fail Fast, Fail Forward. Notes on an Ambitious Launch That Didn’t Go to Plan",2025-10-15T17:50:00.000Z,2025-10-15T18:05:00.000Z,Mandalay Bay Ballroom H -,Brokers,All,brokers|day1,,2025-09-11T17:52:49.030Z,2025-09-11T17:52:49.030Z
cmffpi0su009d3z7g6j6dfjgw,Next Generation Commercial & Specialty Insurance,Session Sponsor | Cognizant,2025-10-15T18:00:00.000Z,2025-10-15T18:20:00.000Z,Mandalay Bay Ballroom LCognizant,Summit,All,sponsored|day1,,2025-09-11T17:52:49.039Z,2025-09-11T17:52:49.039Z
cmffpi0sq009c3z7g0yc6l3h7,From FNOL to Resolution: Transforming Claims with Generative and Agentic AI,Session Sponsor | EXL,2025-10-15T18:00:00.000Z,2025-10-15T18:45:00.000Z,Reef Ballroom BCEFEXL,Summit,All,AI|sponsored|agents|claims|day1,,2025-09-11T17:52:49.034Z,2025-09-11T17:52:49.034Z
cmffpi0hn007h3z7gfek85cmi,WIISE Workshop: Wings Not Weights: How Lifting Others Lightens the Load,Join us for WIISE Workshop: Wings Not Weights: How Lifting Others Lightens the Load,2025-10-15T18:00:00.000Z,2025-10-15T18:45:00.000Z,Mandalay Bay Ballroom IWIISE Workshop,WIISE,All,workshop|day1,,2025-09-11T17:52:48.635Z,2025-09-11T17:52:48.635Z
cmffpi0t0009e3z7gdqgyutp7,Zero Experience? Zero Connections? Zero Problem: How We Went From Broke Agents to Program Managers and the Repeatable System We Used That Still Works,Join us for Zero Experience? Zero Connections? Zero Problem: How We Went From Broke Agents to Program Managers and the Repeatable System We Used That Still Works,2025-10-15T18:00:00.000Z,2025-10-15T18:15:00.000Z,Mandalay Bay Ballroom E,Agents,All,agents|day1,,2025-09-11T17:52:49.044Z,2025-09-11T17:52:49.044Z
cmffpi0t6009f3z7g1m3y1ezz,Multiples in Motion: Decoding How Analysts Value Carriers Today,Session Sponsor,2025-10-15T18:10:00.000Z,2025-10-15T19:00:00.000Z,Mandalay Bay Ballroom BCViewpoint Ventures,Summit,All,sponsored|day1,,2025-09-11T17:52:49.051Z,2025-09-11T17:52:49.051Z
cmffpi0tb009g3z7g1brqgggq,Scalable Pricing in LATAM: Lessons from the Field Presented by Akur8,Session Sponsor | Akur8,2025-10-15T18:10:00.000Z,2025-10-15T18:25:00.000Z,Mandalay Bay Ballroom F,LATAM,All,sponsored|LATAM|day1,,2025-09-11T17:52:49.055Z,2025-09-11T17:52:49.055Z
cmffpi0tg009h3z7gm60k19rr,"Reimagine Your Revenue: How to Transform Your Revenue Operations by Leveraging AI and Automation (For Brokers, Carriers, and MGAs) Presented by eventual treasury",Session Sponsor,2025-10-15T18:15:00.000Z,2025-10-15T18:30:00.000Z,Mandalay Bay Ballroom H -,Brokers,All,AI|sponsored|brokers|day1,,2025-09-11T17:52:49.061Z,2025-09-11T17:52:49.061Z
cmffpi0to009k3z7glljomvcz,The Future of CAT Management: Tools for a Volatile World,Session Sponsor | Celent,2025-10-15T18:20:00.000Z,2025-10-15T18:50:00.000Z,Surf Ballroom EFCelent,Summit,All,sponsored|day1,,2025-09-11T17:52:49.069Z,2025-09-11T17:52:49.069Z
cmffpi0tk009i3z7gzm093lfw,Exponential Advantage in the Age of Uncertainty,Bharat RajaramHead of Innovation and Ventures - Aflac | Session Sponsor | Cognizant,2025-10-15T18:20:00.000Z,2025-10-15T19:00:00.000Z,Mandalay Bay Ballroom LCognizant,Summit,All,sponsored|day1,,2025-09-11T17:52:49.065Z,2025-09-11T17:52:49.065Z
cmffpi0tm009j3z7gesi9y2mm,Get Future Ready: Structuring the Modern Insurance Agency with AI2030 Playbook,Join us for Get Future Ready: Structuring the Modern Insurance Agency with AI2030 Playbook,2025-10-15T18:20:00.000Z,2025-10-15T18:40:00.000Z,Mandalay Bay Ballroom E,Agents,All,agents|day1,,2025-09-11T17:52:49.067Z,2025-09-11T17:52:49.067Z
cmffpi0tp009l3z7gc91y6vud,"How a Traditional Latin American Carrier Achieves Transformation Through Collaboration – A Carrier Playbook for Innovation, Partnership, and Growth","Martin MoserProgram Manager, InnLab - La Segunda",2025-10-15T18:25:00.000Z,2025-10-15T18:40:00.000Z,Mandalay Bay Ballroom F,LATAM,All,LATAM|day1,,2025-09-11T17:52:49.070Z,2025-09-11T17:52:49.070Z
cmffpi0tr009m3z7gw627c5h6,"Delivering RelationGPT to 1,400 Brokers: Bridging the AI Readiness Gap and Turning Skeptics into Superusers","Join us for Delivering RelationGPT to 1,400 Brokers: Bridging the AI Readiness Gap and Turning Skeptics into Superusers",2025-10-15T18:30:00.000Z,2025-10-15T18:45:00.000Z,Mandalay Bay Ballroom H -,Brokers,All,AI|brokers|day1,,2025-09-11T17:52:49.071Z,2025-09-11T17:52:49.071Z
cmffpi0tv009o3z7g3dqbptvc,Session Presented by Guidewire,Session Sponsor | Guidewire,2025-10-15T18:40:00.000Z,2025-10-15T19:00:00.000Z,Mandalay Bay Ballroom F,LATAM,All,sponsored|LATAM|day1,,2025-09-11T17:52:49.075Z,2025-09-11T17:52:49.075Z
cmffpi0tt009n3z7g3enf38ui,ITC Agents Coffee and Expo (Day 1),Join us for ITC Agents Coffee and Expo,2025-10-15T18:40:00.000Z,2025-10-15T19:25:00.000Z,Mandalay Bay Ballroom E,Agents,All,agents|day1,,2025-09-11T17:52:49.073Z,2025-09-11T17:52:49.073Z
cmffpi0ho007i3z7g8h3qsy61,WIISE Workshop: Ice Breaker,Join us for WIISE Workshop: Ice Breaker,2025-10-15T18:45:00.000Z,2025-10-15T19:15:00.000Z,Mandalay Bay Ballroom IWIISE Workshop,WIISE,All,workshop|day1,,2025-09-11T17:52:48.636Z,2025-09-11T17:52:48.636Z
cmffpi0u0009p3z7gsxhaiunu,"How The Zebra Achieves Personalization at Scale: Tech, Trust, and the Talent Behind It","Join us for How The Zebra Achieves Personalization at Scale: Tech, Trust, and the Talent Behind It",2025-10-15T18:45:00.000Z,2025-10-15T19:00:00.000Z,Mandalay Bay Ballroom H -,Brokers,All,brokers|day1,,2025-09-11T17:52:49.080Z,2025-09-11T17:52:49.080Z
cmffpi0ui009t3z7g9eqy71kf,State Farm Startup Pitch Competition,Session Sponsor,2025-10-15T19:00:00.000Z,2025-10-15T21:00:00.000Z,Oceanside Ballroom B,Summit,All,sponsored|day1,,2025-09-11T17:52:49.099Z,2025-09-11T17:52:49.099Z
cmffpi0uk009v3z7gbm98vvtk,"Underwriting Modernization – New Tech, New Rules",Session Sponsor | Celent,2025-10-15T19:00:00.000Z,2025-10-15T19:30:00.000Z,Surf Ballroom EFCelent,Summit,All,sponsored|underwriting|day1,,2025-09-11T17:52:49.101Z,2025-09-11T17:52:49.101Z
cmffpi0u6009q3z7grfrwfcbf,AI Launchpad: Data Transformation for Insurance speed and ROI,Session Sponsor | EXL,2025-10-15T19:00:00.000Z,2025-10-15T19:20:00.000Z,Reef Ballroom BCEFEXL,Summit,All,AI|sponsored|data|day1,,2025-09-11T17:52:49.086Z,2025-09-11T17:52:49.086Z
cmffpi0uc009s3z7gyw8a1o53,Standup: Utility-Based Closed Block Life Insurance for the Experience Era,Session Sponsor | Cognizant,2025-10-15T19:00:00.000Z,2025-10-15T19:10:00.000Z,Mandalay Bay Ballroom LCognizant,Summit,All,sponsored|day1,,2025-09-11T17:52:49.093Z,2025-09-11T17:52:49.093Z
cmffpi0u8009r3z7gchfaph7b,Insurance Ai-gent: the Future of Distribution,Session Sponsor,2025-10-15T19:00:00.000Z,2025-10-15T19:30:00.000Z,Mandalay Bay Ballroom BCViewpoint Ventures,Summit,All,sponsored|distribution|day1,,2025-09-11T17:52:49.089Z,2025-09-11T17:52:49.089Z
cmffpi0uj009u3z7gdey3xtkc,State Farm Startup Pitch Competition: Opening Remarks Presented by State Farm,Join us for State Farm Startup Pitch Competition: Opening Remarks Presented by State Farm,2025-10-15T19:00:00.000Z,2025-10-15T19:05:00.000Z,Oceanside Ballroom BState Farm Startup Pitch Competition,General,All,day1,,2025-09-11T17:52:49.100Z,2025-09-11T17:52:49.100Z
cmffpi0ul009w3z7gtp0phxfs,State Farm Startup Pitch Competition: Adjusto,Join us for State Farm Startup Pitch Competition: Adjusto,2025-10-15T19:05:00.000Z,2025-10-15T19:15:00.000Z,Oceanside Ballroom BState Farm Startup Pitch Competition,General,All,day1,,2025-09-11T17:52:49.102Z,2025-09-11T17:52:49.102Z
cmffpi0uo009x3z7g0pg2kcdb,Changing the Game: A Dive Into Insurance Progressive Use Cases,"Rajamuthiah NellaiappanHead, Insurance Partner Ecosystem and Offerings Marketplace - Cognizant | Session Sponsor | Cognizant",2025-10-15T19:10:00.000Z,2025-10-15T19:30:00.000Z,Mandalay Bay Ballroom LCognizant,Summit,All,sponsored|day1,,2025-09-11T17:52:49.104Z,2025-09-11T17:52:49.104Z
cmffpi0ur009y3z7gnvoxmsq2,AI Agents Are Here: Why They Will Completely Change the Insurance Industry,Join us for AI Agents Are Here: Why They Will Completely Change the Insurance Industry,2025-10-15T19:15:00.000Z,2025-10-15T19:30:00.000Z,Mandalay Bay Ballroom F,LATAM,All,AI|LATAM|agents|day1,,2025-09-11T17:52:49.108Z,2025-09-11T17:52:49.108Z
cmffpi0hp007j3z7gku807o36,WIISE Workshop: Magician Networking Activity,AI Recommended,2025-10-15T19:15:00.000Z,2025-10-15T20:00:00.000Z,Mandalay Bay Ballroom IWIISE Workshop,WIISE,All,AI|networking|workshop|recommended|day1,,2025-09-11T17:52:48.638Z,2025-09-11T17:52:48.638Z
cmffpi0hq007k3z7g9b87zpae,WIISE Workshop: Wrap Up,Join us for WIISE Workshop: Wrap Up,2025-10-15T20:00:00.000Z,2025-10-15T20:15:00.000Z,Mandalay Bay Ballroom IWIISE Workshop,WIISE,All,workshop|day1,,2025-09-11T17:52:48.638Z,2025-09-11T17:52:48.638Z
cmffpi0hr007l3z7gk1elo8s3,ITC Vegas Golf Tournament Happy Hour,Tiki Sports Bar at Bali HaiGolf Tournament | AI Recommended,2025-10-15T21:30:00.000Z,2025-10-15T23:00:00.000Z,TBD,Golf,All,AI|golf|recommended|day1,,2025-09-11T17:52:48.639Z,2025-09-11T17:52:48.639Z
cmffpi0yu00aq3z7gbomgk2c6,Breakfast Sponsored by Jackson (Day 2),Session Sponsor | Jackson,2025-10-16T11:00:00.000Z,2025-10-16T12:30:00.000Z,Shoreline | Level 2,Networking,All,meal|sponsored|day2,,2025-09-11T17:52:49.254Z,2025-09-11T17:52:49.254Z
cmffpi0yr00ap3z7gaw54klhj,Badge Pickup Hours (Day 2),Join us for Badge Pickup Hours,2025-10-16T11:00:00.000Z,2025-10-16T22:00:00.000Z,Mandalay Bay Foyer | Level 2,General,All,day2,,2025-09-11T17:52:49.252Z,2025-09-11T17:52:49.252Z
cmffpi0yw00ar3z7gje4xb8rx,First Timers Expo Tour,AI Recommended,2025-10-16T11:15:00.000Z,2025-10-16T12:15:00.000Z,TBD,Expo,All,AI|recommended|day2,,2025-09-11T17:52:49.256Z,2025-09-11T17:52:49.256Z
cmffpi0yz00as3z7g9llkpei3,Wednesday Keynotes On the Main Stage,Join us for Wednesday Keynotes On the Main Stage,2025-10-16T12:15:00.000Z,2025-10-16T14:00:00.000Z,Oceanside Ballroom CDMain Stage,Keynote,All,keynote|day2,,2025-09-11T17:52:49.260Z,2025-09-11T17:52:49.260Z
cmffpi0z700at3z7ggsvbwjkp,Expo Floor Open,Join us for Expo Floor Open,2025-10-16T13:00:00.000Z,2025-10-16T22:00:00.000Z,Mandalay Bay Convention Center,Expo,All,day2,,2025-09-11T17:52:49.267Z,2025-09-11T17:52:49.267Z
cmffpi0za00au3z7gtm6wdepx,"The Rise, the Reset, and the Road Ahead: A Global View on Insurtech",Innovation Alley (Expo Floor)Innovation & Solutions Stage,2025-10-16T14:00:00.000Z,2025-10-16T14:15:00.000Z,TBD,General,All,InsurTech|day2,,2025-09-11T17:52:49.270Z,2025-09-11T17:52:49.270Z
cmffpi0zi00av3z7gunbwr5o9,Demo: One Inc,Innovation Alley (Expo Floor)Innovation & Solutions Stage | Session Sponsor,2025-10-16T14:20:00.000Z,2025-10-16T14:30:00.000Z,TBD,General,All,sponsored|day2,,2025-09-11T17:52:49.279Z,2025-09-11T17:52:49.279Z
cmffpi10s00b33z7gi0t22ecn,The Economics of Early Detection: Transforming Cancer Risk into Insurable Opportunity,"ITC Life, Health & Benefits Stage (Expo Floor)ITC Life, Health & Benefits | Eric FungSVP - Clinical Development - GRAIL",2025-10-16T14:30:00.000Z,2025-10-16T14:50:00.000Z,TBD,General,All,day2,,2025-09-11T17:52:49.324Z,2025-09-11T17:52:49.324Z
cmffpi10p00b23z7gm60dc04h,ITC BrainShare Workshop for Agents,Join us for ITC BrainShare Workshop for Agents,2025-10-16T14:30:00.000Z,2025-10-16T19:00:00.000Z,Mandalay Bay Ballroom EDeep Dives,General,All,workshop|agents|day2,,2025-09-11T17:52:49.321Z,2025-09-11T17:52:49.321Z
cmffpi10k00b13z7gzx6ldyps,"How to Effectively Manage 50,000 Injury Claims (Without Hiring 500 Claim Professionals) Presented by Carpe Data",Session Sponsor,2025-10-16T14:30:00.000Z,2025-10-16T15:05:00.000Z,Mandalay Bay Ballroom HData & Analytics Track,Claims,All,sponsored|claims|data|analytics|day2,,2025-09-11T17:52:49.316Z,2025-09-11T17:52:49.316Z
cmffpi10700b03z7gcntzlqsb,Harnessing Shared Data and Advanced AI: Transforming Insurance with the Insurance Data Network (IDN) Presented by Shift Technology,Session Sponsor,2025-10-16T14:30:00.000Z,2025-10-16T15:05:00.000Z,Mandalay Bay Ballroom LInnovation in Action Track,Data & Analytics,All,sponsored|data|day2,,2025-09-11T17:52:49.303Z,2025-09-11T17:52:49.303Z
cmffpi10500az3z7g32ggcl7i,From Reaction to Readiness: Evolving Claims Response with AI-Powered Property Intelligence Presented by Nearmap,Session Sponsor | Nearmap,2025-10-16T14:30:00.000Z,2025-10-16T15:05:00.000Z,Mandalay Bay Ballroom IClaims Track,Claims,All,sponsored|claims|day2,,2025-09-11T17:52:49.301Z,2025-09-11T17:52:49.301Z
cmffpi10200ay3z7g8hhtxtb6,From One-Size-Fits-All to One-in-a-Million: The New Era of Hyper-Personalized Insurance,"Matt BattersbySVP, Global Head of Research and Development - RGA",2025-10-16T14:30:00.000Z,2025-10-16T15:05:00.000Z,"Mandalay Bay Ballroom KCustomer Experience, Retention & Acquisition Track",General,All,day2,,2025-09-11T17:52:49.299Z,2025-09-11T17:52:49.299Z
cmffpi0zp00aw3z7gaxv4353v,Cracking the $100 Billion Code: The Tech That’s Finally Transforming Commercial Insurance,Sivan IramCEO & Founder - Flow,2025-10-16T14:30:00.000Z,2025-10-16T15:05:00.000Z,Mandalay Bay Ballroom JSpecialty & Commercial Insurance Track,General,All,day2,,2025-09-11T17:52:49.286Z,2025-09-11T17:52:49.286Z
cmffpi0zu00ax3z7g60jp0rpy,Distribution Town Square Takeover: What Makes an MGA Successful? Presented by Majesco,"Distribution, Sales, Marketing Town Square (Expo Floor)ITC Community Meet-UpsShow more | Session Sponsor | Majesco",2025-10-16T14:30:00.000Z,2025-10-16T15:30:00.000Z,TBD,General,All,sponsored|distribution|day2,,2025-09-11T17:52:49.290Z,2025-09-11T17:52:49.290Z
cmffpi10u00b43z7gmpijs9n1,Who Owns the Customer? The Battle for Insurance Distribution in a Digital-First World,"Distribution, Sales & Marketing Stage (Expo Floor)Distribution TrackShow more",2025-10-16T14:30:00.000Z,2025-10-16T15:05:00.000Z,TBD,General,All,distribution|day2,,2025-09-11T17:52:49.326Z,2025-09-11T17:52:49.326Z
cmffpi10y00b53z7g3lxoz8i9,Demo: IntellectAI,Innovation Alley (Expo Floor)Innovation & Solutions Stage | Session Sponsor | IntellectAI,2025-10-16T14:35:00.000Z,2025-10-16T14:45:00.000Z,TBD,General,All,AI|sponsored|day2,,2025-09-11T17:52:49.330Z,2025-09-11T17:52:49.330Z
cmffpi11000b63z7gnd2wfjte,Demo: Zywave,Innovation Alley (Expo Floor)Innovation & Solutions Stage | Session Sponsor | Zywave | AI Recommended,2025-10-16T14:50:00.000Z,2025-10-16T15:00:00.000Z,TBD,AI Track,All,AI|sponsored|recommended|day2,,2025-09-11T17:52:49.332Z,2025-09-11T17:52:49.332Z
cmffpi11100b73z7gcx59xvqz,"The Great Convergence: Why the Future of Insurance Is Unified, Not Fragmented Presented by PwC","ITC Life, Health & Benefits Stage (Expo Floor)ITC Life, Health & BenefitsShow more | Session Sponsor | PwC",2025-10-16T14:55:00.000Z,2025-10-16T15:30:00.000Z,TBD,General,All,sponsored|day2,,2025-09-11T17:52:49.333Z,2025-09-11T17:52:49.333Z
cmffpi11500b83z7gde3ajens,Clearspeed Gives Back (Day 2),Join us for Clearspeed Gives Back,2025-10-16T15:00:00.000Z,2025-10-16T19:00:00.000Z,TBD,General,All,day2,,2025-09-11T17:52:49.337Z,2025-09-11T17:52:49.337Z
cmffpi11c00b93z7gvn6rr8i5,Demo: Workday for Insurance,Innovation Alley (Expo Floor)Innovation & Solutions Stage | Session Sponsor | Workday,2025-10-16T15:05:00.000Z,2025-10-16T15:15:00.000Z,TBD,General,All,sponsored|day2,,2025-09-11T17:52:49.345Z,2025-09-11T17:52:49.345Z
cmffpi11h00ba3z7ggkbifstt,Breaking the POC Trap: Lessons From Building and Scaling AI Claims Solutions Presented by Genpact,Session Sponsor | Genpact (UK) Limited,2025-10-16T15:10:00.000Z,2025-10-16T15:30:00.000Z,Mandalay Bay Ballroom IClaims Track,Claims,All,AI|sponsored|claims|day2,,2025-09-11T17:52:49.349Z,2025-09-11T17:52:49.349Z
cmffpi11l00bb3z7gfhjfevvf,How to Waste Your Entire AI Budget: Bolt It on Instead of Building It In Presented by Federato,Session Sponsor | Federatō,2025-10-16T15:10:00.000Z,2025-10-16T16:00:00.000Z,Mandalay Bay Ballroom JSpecialty & Commercial Insurance Track,General,All,AI|sponsored|day2,,2025-09-11T17:52:49.353Z,2025-09-11T17:52:49.353Z
cmffpi11r00bd3z7gvktg1n7d,"Redefining Insurance Decision-Making: Machine-led Automated Model Monitoring and Portfolio Management, Enriched with Gen AI Presented by WTW IC&T","Join us for Redefining Insurance Decision-Making: Machine-led Automated Model Monitoring and Portfolio Management, Enriched with Gen AI Presented by WTW IC&T",2025-10-16T15:10:00.000Z,2025-10-16T15:25:00.000Z,Mandalay Bay Ballroom HData & Analytics Track,General,All,AI|data|analytics|day2,,2025-09-11T17:52:49.359Z,2025-09-11T17:52:49.359Z
cmffpi11x00bf3z7gypfeh7ge,Session Presented by Deloitte,"Distribution, Sales & Marketing Stage (Expo Floor)Distribution Track | Session Sponsor | Deloitte",2025-10-16T15:10:00.000Z,2025-10-16T16:00:00.000Z,TBD,General,All,sponsored|distribution|day2,,2025-09-11T17:52:49.365Z,2025-09-11T17:52:49.365Z
cmffpi11u00be3z7gzok133j6,Revolutionizing the Insurance Customer Experience with Agentic AI Presented by Salesforce,Session Sponsor | Salesforce,2025-10-16T15:10:00.000Z,2025-10-16T16:00:00.000Z,"Mandalay Bay Ballroom KCustomer Experience, Retention & Acquisition Track",General,All,AI|sponsored|agents|day2,,2025-09-11T17:52:49.362Z,2025-09-11T17:52:49.362Z
cmffpi11o00bc3z7gbbw827wj,"InsurTech State of the Union: Capital, Investments, and Trends, powered by the Gallagher Re InsurTech Report featuring Moody’s","Join us for InsurTech State of the Union: Capital, Investments, and Trends, powered by the Gallagher Re InsurTech Report featuring Moody’s",2025-10-16T15:10:00.000Z,2025-10-16T15:45:00.000Z,Mandalay Bay Ballroom LInnovation in Action Track,General,All,InsurTech|day2,,2025-09-11T17:52:49.357Z,2025-09-11T17:52:49.357Z
cmffpi11x00bg3z7gh2exsk41,Demo: Vexcel Aerial Imagery & AI Property Insights,Innovation Alley (Expo Floor)Innovation & Solutions Stage | Ryan BankGlobal Managing Director - Vexcel Data Program | Session Sponsor,2025-10-16T15:20:00.000Z,2025-10-16T15:30:00.000Z,TBD,General,All,AI|sponsored|data|day2,,2025-09-11T17:52:49.366Z,2025-09-11T17:52:49.366Z
cmffpi11z00bh3z7gkx7yno45,Analytics in Claims: Leveraging Data and AI to Transform Your Claims Process Presented by WTW IC&T,Alena KharkavetsAmericas Claims Leader - WTW IC&T | Session Sponsor | AI Recommended,2025-10-16T15:25:00.000Z,2025-10-16T15:45:00.000Z,Mandalay Bay Ballroom HData & Analytics Track,AI Track,All,AI|sponsored|claims|data|analytics|recommended|day2,,2025-09-11T17:52:49.368Z,2025-09-11T17:52:49.368Z
cmffpi12400bi3z7giulx07rx,From Claims to Care: Transforming the Role of Life Insurance in the Workplace,"ITC Life, Health & Benefits Stage (Expo Floor)ITC Life, Health & BenefitsShow more",2025-10-16T15:35:00.000Z,2025-10-16T16:05:00.000Z,TBD,Claims,All,claims|day2,,2025-09-11T17:52:49.372Z,2025-09-11T17:52:49.372Z
cmffpi12e00bj3z7g6lb7anm8,How AI Governance Has Become a Key Differentiator and Strategic Enabler for Insurance Carriers and Vendors Presented by Monitaur,Innovation Alley (Expo Floor)Innovation & Solutions Stage | Session Sponsor | Monitaur,2025-10-16T15:35:00.000Z,2025-10-16T15:45:00.000Z,TBD,General,All,AI|sponsored|day2,,2025-09-11T17:52:49.382Z,2025-09-11T17:52:49.382Z
cmffpi12g00bk3z7gwcg6b08t,Session Presented by Solvd,Session Sponsor | Solvd,2025-10-16T15:35:00.000Z,2025-10-16T15:55:00.000Z,Mandalay Bay Ballroom IClaims Track,General,All,sponsored|claims|day2,,2025-09-11T17:52:49.384Z,2025-09-11T17:52:49.384Z
cmffpi12k00bm3z7g6bezifg7,Demo: GitLab,Innovation Alley (Expo Floor)Innovation & Solutions Stage | Session Sponsor | GitLab,2025-10-16T15:50:00.000Z,2025-10-16T16:00:00.000Z,TBD,General,All,sponsored|day2,,2025-09-11T17:52:49.388Z,2025-09-11T17:52:49.388Z
cmffpi12h00bl3z7gb8mpwbj5,"Building Smarter, Moving Faster: The ManyPets Approach to Data and AI","Join us for Building Smarter, Moving Faster: The ManyPets Approach to Data and AI",2025-10-16T15:50:00.000Z,2025-10-16T16:10:00.000Z,Mandalay Bay Ballroom HData & Analytics Track,Data & Analytics,All,AI|data|analytics|day2,,2025-09-11T17:52:49.385Z,2025-09-11T17:52:49.385Z
cmffpi12m00bn3z7g0ic9j4bc,"Two Worlds, One Vision: How Life and P&C Giants Are Redefining Insurance Through Modern Architecture","Join us for Two Worlds, One Vision: How Life and P&C Giants Are Redefining Insurance Through Modern Architecture",2025-10-16T15:50:00.000Z,2025-10-16T16:15:00.000Z,Mandalay Bay Ballroom LInnovation in Action Track,General,All,day2,,2025-09-11T17:52:49.391Z,2025-09-11T17:52:49.391Z
cmffpi12o00bo3z7gt6hyh634,"Back-End, Front Impact: Modernizing the Infrastructure Behind Claims Presented by Vitesse",Session Sponsor | Vitesse,2025-10-16T16:00:00.000Z,2025-10-16T16:20:00.000Z,Mandalay Bay Ballroom IClaims Track,Claims,All,sponsored|claims|day2,,2025-09-11T17:52:49.393Z,2025-09-11T17:52:49.393Z
cmffpi12r00bp3z7g36evtbzb,Lunch Sponsored by isolved (Day 2),Session Sponsor | isolved,2025-10-16T16:00:00.000Z,2025-10-16T17:30:00.000Z,TBD,Networking,All,meal|sponsored|day2,,2025-09-11T17:52:49.395Z,2025-09-11T17:52:49.395Z
cmffpi12s00bq3z7gf05g0y15,Beyond the Hype: Real-World Blockchain Applications Transforming Insurance,Join us for Beyond the Hype: Real-World Blockchain Applications Transforming Insurance,2025-10-16T16:10:00.000Z,2025-10-16T16:30:00.000Z,Mandalay Bay Ballroom LInnovation in Action Track,General,All,day2,,2025-09-11T17:52:49.397Z,2025-09-11T17:52:49.397Z
cmffpi13b00bv3z7g83qm9adx,Smarter. Faster. Connected: Unlocking the Power of End-to-End Pricing Presented by Akur8,Session Sponsor | Akur8,2025-10-16T16:30:00.000Z,2025-10-16T18:00:00.000Z,Reef Ballroom BCEFLunch Seminar,General,All,meal|sponsored|day2,,2025-09-11T17:52:49.415Z,2025-09-11T17:52:49.415Z
cmffpi12w00bt3z7g1i7f4j36,Black Leadership Meet-Up Sponsored by Northwestern Mutual Accelerator Powered by gener8tor,Session Sponsor | gener8tor,2025-10-16T16:30:00.000Z,2025-10-16T17:30:00.000Z,ITC Community Center (Expo Floor)ITC Community Meet-Ups,General,All,sponsored|day2,,2025-09-11T17:52:49.401Z,2025-09-11T17:52:49.401Z
cmffpi12v00bs3z7gseopjhai,Beyond the Hype: Realizing Value with Agentic AI in Insurance Presented by Quantiphi,Session Sponsor,2025-10-16T16:30:00.000Z,2025-10-16T18:00:00.000Z,Breakers Ballroom CDLunch Seminar,General,All,AI|meal|sponsored|agents|day2,,2025-09-11T17:52:49.399Z,2025-09-11T17:52:49.399Z
cmffpi12z00bu3z7gvbg56kmt,"Making AI Work in Insurance: Practical Impact, Lessons Learned from IBM’s $3B in AI Savings Presented by IBM",Session Sponsor,2025-10-16T16:30:00.000Z,2025-10-16T18:00:00.000Z,Mandalay Bay Ballroom DLunch Seminar,General,All,AI|meal|sponsored|day2,,2025-09-11T17:52:49.403Z,2025-09-11T17:52:49.403Z
cmffpi12t00br3z7gat68mev7,AI Unleashed: Tech Titans Talk How Agentic AI Is Revolutionizing Insurance Presented by DXC,"Chad HershHead of Worldwide Market Development, Life Insurance Industry - AWS | Session Sponsor",2025-10-16T16:30:00.000Z,2025-10-16T18:00:00.000Z,Lagoon Ballroom CDIJLunch Seminar,General,All,AI|meal|sponsored|agents|day2,,2025-09-11T17:52:49.398Z,2025-09-11T17:52:49.398Z
cmffpi13h00bx3z7g6pj03i49,LATAM Town Square Takeover: AIP Breaking News,ITC LATAM Town Square (Expo Floor)ITC Community Meet-Ups,2025-10-16T17:00:00.000Z,2025-10-16T18:00:00.000Z,TBD,General,All,LATAM|day2,,2025-09-11T17:52:49.422Z,2025-09-11T17:52:49.422Z
cmffpi13d00bw3z7gcxg806fi,Distribution Town Square Takeover: Reboot Embedded- Recharge Your Payments Process with AndDone & IPFS,"Distribution, Sales, Marketing Town Square (Expo Floor)ITC Community Meet-UpsShow more | Session Sponsor",2025-10-16T17:00:00.000Z,2025-10-16T18:00:00.000Z,TBD,General,All,sponsored|distribution|day2,,2025-09-11T17:52:49.417Z,2025-09-11T17:52:49.417Z
cmffpi13s00c33z7gu47ni56u,"NatCat Property's New Rules for 2026: Operations-First AI, Real Results Presented by ResiQuant",Session Sponsor | ResiQuant,2025-10-16T18:00:00.000Z,2025-10-16T18:20:00.000Z,Mandalay Bay Ballroom JSpecialty & Commercial Insurance Track,General,All,sponsored|day2,,2025-09-11T17:52:49.432Z,2025-09-11T17:52:49.432Z
cmffpi13x00c63z7g01ccv42w,Why Insurance CX Fails Presented by Reltio,Session Sponsor | RELTIO,2025-10-16T18:00:00.000Z,2025-10-16T18:35:00.000Z,Mandalay Bay Ballroom HData & Analytics Track,General,All,sponsored|data|analytics|day2,,2025-09-11T17:52:49.437Z,2025-09-11T17:52:49.437Z
cmffpi13v00c53z7ghqhdqo9e,Why Deep Expertise Matters More Than Ever in Claims Innovation,Join us for Why Deep Expertise Matters More Than Ever in Claims Innovation,2025-10-16T18:00:00.000Z,2025-10-16T18:15:00.000Z,Mandalay Bay Ballroom IClaims Track,Claims,All,claims|day2,,2025-09-11T17:52:49.435Z,2025-09-11T17:52:49.435Z
cmffpi13t00c43z7g15zri5us,"The Future of Producer Licensing: Innovation, Uniformity, and What's Next with NIPR and RegEd","ITC Life, Health & Benefits Stage (Expo Floor)ITC Life, Health & Benefits | Session Sponsor",2025-10-16T18:00:00.000Z,2025-10-16T18:35:00.000Z,TBD,General,All,sponsored|day2,,2025-09-11T17:52:49.434Z,2025-09-11T17:52:49.434Z
cmffpi13o00c13z7gtvynjglc,"Insurance, Rebuilt: How Distribution Strategy Drives Product Innovation Presented by Tint","Distribution, Sales & Marketing Stage (Expo Floor)Distribution Track | Session Sponsor | Tint",2025-10-16T18:00:00.000Z,2025-10-16T18:20:00.000Z,TBD,General,All,sponsored|distribution|day2,,2025-09-11T17:52:49.428Z,2025-09-11T17:52:49.428Z
cmffpi13q00c23z7g6a5x2cl7,LATAM Town Square Takeover: Brazil Meetup,ITC LATAM Town Square (Expo Floor)ITC Community Meet-Ups,2025-10-16T18:00:00.000Z,2025-10-16T18:30:00.000Z,TBD,General,All,LATAM|day2,,2025-09-11T17:52:49.431Z,2025-09-11T17:52:49.431Z
cmffpi13i00by3z7gu9yswkhr,"Be Honest, Are You Really Ready for AI? Presented by EOX Vantage",Innovation Alley (Expo Floor)Innovation & Solutions Stage | Session Sponsor,2025-10-16T18:00:00.000Z,2025-10-16T18:10:00.000Z,TBD,General,All,sponsored|day2,,2025-09-11T17:52:49.423Z,2025-09-11T17:52:49.423Z
cmffpi13k00bz3z7gmqzvxw9u,Deploying Analytics at Scale Presented by WTW IC&T,Farah IsmailAmericas Commercial Lines Leader - WTW IC&T | Session Sponsor,2025-10-16T18:00:00.000Z,2025-10-16T18:20:00.000Z,Mandalay Bay Ballroom LInnovation in Action Track,General,All,sponsored|analytics|day2,,2025-09-11T17:52:49.425Z,2025-09-11T17:52:49.425Z
cmffpi13m00c03z7g8gcihze6,Disrupt or Be Disrupted: Unleash AI to Transform Customer Experience in Insurance with ServiceNow,Session Sponsor | ServiceNow,2025-10-16T18:00:00.000Z,2025-10-16T18:20:00.000Z,"Mandalay Bay Ballroom KCustomer Experience, Retention & Acquisition Track",General,All,AI|sponsored|day2,,2025-09-11T17:52:49.426Z,2025-09-11T17:52:49.426Z
cmffpi14100c73z7g1s250pca,Convr AI Delivers New Underwriting Workbench Efficiencies with Agentic AI,Innovation Alley (Expo Floor)Innovation & Solutions Stage | Harish NeelamanaCo-Founder and President - Convr | Session Sponsor | Convr,2025-10-16T18:15:00.000Z,2025-10-16T18:25:00.000Z,TBD,General,All,AI|sponsored|agents|underwriting|day2,,2025-09-11T17:52:49.442Z,2025-09-11T17:52:49.442Z
cmffpi14i00cb3z7g2858vq5n,Piece of Mind in Your Pocket: The End-To-End Digital Insurance Broker Taking Over Europe,"Distribution, Sales & Marketing Stage (Expo Floor)Distribution Track",2025-10-16T18:25:00.000Z,2025-10-16T18:45:00.000Z,TBD,Brokers,All,brokers|distribution|day2,,2025-09-11T17:52:49.458Z,2025-09-11T17:52:49.458Z
cmffpi14b00ca3z7gu3u4oqmb,More Than Insurance: How Hagerty Built a Passion-Powered Automotive Ecosystem Presented by Duck Creek,Session Sponsor,2025-10-16T18:25:00.000Z,2025-10-16T19:00:00.000Z,Mandalay Bay Ballroom LInnovation in Action Track,General,All,sponsored|day2,,2025-09-11T17:52:49.451Z,2025-09-11T17:52:49.451Z
cmffpi14700c83z7gngtmbnab,Agentic AI Infusion to Enhance Experiences for Employee and Customer Presented by Hexaware,Session Sponsor,2025-10-16T18:25:00.000Z,2025-10-16T19:00:00.000Z,"Mandalay Bay Ballroom KCustomer Experience, Retention & Acquisition Track",General,All,AI|sponsored|agents|day2,,2025-09-11T17:52:49.447Z,2025-09-11T17:52:49.447Z
cmffpi14a00c93z7get96dyyv,Breaking Through the Insurtech Barriers: How Partnerships Transform Management of Commercial Risks,"Katarina ScamborovaPresident, Harmony Re; Co-Strategic Leader, Concert Group - Concert Group",2025-10-16T18:25:00.000Z,2025-10-16T19:00:00.000Z,Mandalay Bay Ballroom JSpecialty & Commercial Insurance Track,General,All,InsurTech|day2,,2025-09-11T17:52:49.450Z,2025-09-11T17:52:49.450Z
cmffpi14k00cc3z7gl231lvrz,Demo: SpatialKey,Innovation Alley (Expo Floor)Innovation & Solutions Stage | Session Sponsor | Insurity,2025-10-16T18:30:00.000Z,2025-10-16T18:40:00.000Z,TBD,General,All,sponsored|day2,,2025-09-11T17:52:49.460Z,2025-09-11T17:52:49.460Z
cmffpi14m00cd3z7gc9pq7yn7,Wellness Unlocks a Whole World of Opportunity,"ITC Life, Health & Benefits Stage (Expo Floor)ITC Life, Health & Benefits | Corin ChapmanDirector of Innovation for Life/Health/Investment Planning Services - State Farm",2025-10-16T18:35:00.000Z,2025-10-16T18:55:00.000Z,TBD,General,All,day2,,2025-09-11T17:52:49.463Z,2025-09-11T17:52:49.463Z
cmffpi14p00ce3z7grwt9d2n4,Session Presented by Tiger Analytics,Session Sponsor,2025-10-16T18:40:00.000Z,2025-10-16T19:00:00.000Z,Mandalay Bay Ballroom HData & Analytics Track,General,All,sponsored|data|analytics|day2,,2025-09-11T17:52:49.466Z,2025-09-11T17:52:49.466Z
cmffpi14q00cf3z7g6lqpttnu,Boosting Claims Efficiency & Effectiveness through Intelligent Automation Presented by ValueMomentum,Session Sponsor | ValueMomentum,2025-10-16T18:45:00.000Z,2025-10-16T19:20:00.000Z,Mandalay Bay Ballroom IClaims Track,Claims,All,sponsored|claims|day2,,2025-09-11T17:52:49.467Z,2025-09-11T17:52:49.467Z
cmffpi14r00cg3z7gliumt8r2,Demo: Higson 4.2,Innovation Alley (Expo Floor)Innovation & Solutions Stage | Session Sponsor | DECERTO,2025-10-16T18:45:00.000Z,2025-10-16T18:55:00.000Z,TBD,General,All,sponsored|day2,,2025-09-11T17:52:49.467Z,2025-09-11T17:52:49.467Z
cmffpi15100ck3z7gq6k2tjvy,Women's Leadership Forum Sponsored by Roots Automation,Session Sponsor | Roots | Added to schedule,2025-10-16T19:00:00.000Z,2025-10-16T21:00:00.000Z,ITC Community Center (Expo Floor)ITC Community Meet-Ups,General,All,sponsored|day2,,2025-09-11T17:52:49.478Z,2025-09-11T17:52:49.478Z
cmffpi14s00ch3z7gdy2j9rgi,Demo Presented by Spear Technologies,Innovation Alley (Expo Floor)Innovation & Solutions Stage | Session Sponsor,2025-10-16T19:00:00.000Z,2025-10-16T19:10:00.000Z,TBD,General,All,sponsored|day2,,2025-09-11T17:52:49.469Z,2025-09-11T17:52:49.469Z
cmffpi14u00ci3z7gysmfxmi5,From Claims to Code: AI Agents Transforming Insurance Operations Presented by AWS,"ITC Life, Health & Benefits Stage (Expo Floor)ITC Life, Health & Benefits | Session Sponsor | Amazon Web Services (AWS)",2025-10-16T19:00:00.000Z,2025-10-16T19:20:00.000Z,TBD,Claims,All,AI|sponsored|agents|claims|day2,,2025-09-11T17:52:49.470Z,2025-09-11T17:52:49.470Z
cmffpi14y00cj3z7gkrqiceie,LATAM Town Square Takeover: How to Support Underserved Populations in Latin America Through Parametric Insurance,ITC LATAM Town Square (Expo Floor)ITC Community Meet-Ups | Hugues BertinCEO and President - Digital Insurance LATAM and AIP,2025-10-16T19:00:00.000Z,2025-10-16T20:00:00.000Z,TBD,General,All,LATAM|day2,,2025-09-11T17:52:49.474Z,2025-09-11T17:52:49.474Z
cmffpi15b00co3z7gj2f97z16,Stop Procrastinating and Complete Your Enterprise Data Transformation Within 1 Year!,Join us for Stop Procrastinating and Complete Your Enterprise Data Transformation Within 1 Year!,2025-10-16T19:05:00.000Z,2025-10-16T19:25:00.000Z,Mandalay Bay Ballroom HData & Analytics Track,Data & Analytics,All,data|analytics|day2,,2025-09-11T17:52:49.488Z,2025-09-11T17:52:49.488Z
cmffpi15600cn3z7gvbww9r4b,Reimagining Insurance with Disney+ in Brazil: The Future of Embedded Experiences,Join us for Reimagining Insurance with Disney+ in Brazil: The Future of Embedded Experiences,2025-10-16T19:05:00.000Z,2025-10-16T19:25:00.000Z,"Mandalay Bay Ballroom KCustomer Experience, Retention & Acquisition Track",General,All,day2,,2025-09-11T17:52:49.483Z,2025-09-11T17:52:49.483Z
cmffpi15600cm3z7gdyvoz9pl,How AI Helped Us Modernize a Legacy Professional Liability Core Without Breaking the Business Presented by Praxent,Session Sponsor | Praxent,2025-10-16T19:05:00.000Z,2025-10-16T19:25:00.000Z,Mandalay Bay Ballroom JSpecialty & Commercial Insurance Track,General,All,AI|sponsored|day2,,2025-09-11T17:52:49.482Z,2025-09-11T17:52:49.482Z
cmffpi15400cl3z7g3zpu9t4c,From Manual to AI-Driven: Rethinking Insurance Operations Through Intelligent Orchestration Presented by Flowable,Session Sponsor | Flowable,2025-10-16T19:05:00.000Z,2025-10-16T19:25:00.000Z,Mandalay Bay Ballroom LInnovation in Action Track,General,All,sponsored|day2,,2025-09-11T17:52:49.481Z,2025-09-11T17:52:49.481Z
cmffpi0vb009z3z7gdqlj723r,State Farm Startup Pitch Competition: Chestnut,Join us for State Farm Startup Pitch Competition: Chestnut,2025-10-16T19:15:00.000Z,2025-10-16T19:25:00.000Z,Oceanside Ballroom BState Farm Startup Pitch Competition,General,All,day2,,2025-09-11T17:52:49.127Z,2025-09-11T17:52:49.127Z
cmffpi15d00cp3z7gexh7yx3n,Demo Presented by Whatfix,Innovation Alley (Expo Floor)Innovation & Solutions Stage | Session Sponsor | Whatfix,2025-10-16T19:15:00.000Z,2025-10-16T19:25:00.000Z,TBD,General,All,sponsored|day2,,2025-09-11T17:52:49.489Z,2025-09-11T17:52:49.489Z
cmffpi15e00cq3z7gxcwhl4lt,"Embedded Insurance 2.0: How Insurers Are Cracking the Code on Seamless, High-Conversion Partnerships","Distribution, Sales & Marketing Stage (Expo Floor)Distribution TrackShow more | AI Recommended",2025-10-16T19:15:00.000Z,2025-10-16T19:50:00.000Z,TBD,AI Track,All,AI|distribution|recommended|day2,,2025-09-11T17:52:49.490Z,2025-09-11T17:52:49.490Z
cmffpi0vl00a13z7gk2jstlgh,The Perfect Sale: Maximizing Your Agency Value and Trends in Consolidation and Acquisitions,Join us for The Perfect Sale: Maximizing Your Agency Value and Trends in Consolidation and Acquisitions,2025-10-16T19:25:00.000Z,2025-10-16T19:40:00.000Z,Mandalay Bay Ballroom E,Agents,All,agents|day2,,2025-09-11T17:52:49.137Z,2025-09-11T17:52:49.137Z
cmffpi0vh00a03z7g4fz10ta7,State Farm Startup Pitch Competition: Elysian,Join us for State Farm Startup Pitch Competition: Elysian,2025-10-16T19:25:00.000Z,2025-10-16T19:35:00.000Z,Oceanside Ballroom BState Farm Startup Pitch Competition,General,All,day2,,2025-09-11T17:52:49.134Z,2025-09-11T17:52:49.134Z
cmffpi0vx00a23z7gpj4ydly9,Blueprint for Change: How Insurers Are Winning the Legacy Transformation Battle Using GenAI,Session Sponsor | Pega,2025-10-16T19:30:00.000Z,2025-10-16T20:30:00.000Z,Mandalay Bay Ballroom IPegasystems,Summit,All,AI|sponsored|day2,,2025-09-11T17:52:49.149Z,2025-09-11T17:52:49.149Z
cmffpi0w000a33z7gvqpxqwve,Powering the Shift: Industry Learnings on GenAI Success in Insurance,Session Sponsor | EXL,2025-10-16T19:30:00.000Z,2025-10-16T20:00:00.000Z,Reef Ballroom BCEFEXL,Summit,All,AI|sponsored|day2,,2025-09-11T17:52:49.152Z,2025-09-11T17:52:49.152Z
cmffpi0w300a43z7ggr5oxp59,Solution Showcase & Networking,Session Sponsor | Cognizant,2025-10-16T19:30:00.000Z,2025-10-16T21:00:00.000Z,Mandalay Bay Ballroom LCognizant,Summit,All,networking|sponsored|day2,,2025-09-11T17:52:49.155Z,2025-09-11T17:52:49.155Z
cmffpi0w600a53z7gsn5b6z4y,"The Agenda of Latin American Insurance Companies – Innovation, Channels, and New Opportunities",Francisco ValenzuelaCEO LatAm - BNPP Cardif,2025-10-16T19:30:00.000Z,2025-10-16T20:10:00.000Z,Mandalay Bay Ballroom F,LATAM,All,LATAM|day2,,2025-09-11T17:52:49.158Z,2025-09-11T17:52:49.158Z
cmffpi0w900a63z7g95zwovov,"Commissions, Compensation, and Change – What Agents Are Saying in 2025",Session Sponsor | Celent,2025-10-16T19:35:00.000Z,2025-10-16T20:05:00.000Z,Surf Ballroom EFCelent,Summit,All,sponsored|agents|day2,,2025-09-11T17:52:49.162Z,2025-09-11T17:52:49.162Z
cmffpi0wa00a73z7g9m53lyxz,State Farm Startup Pitch Competition: MarvelX AI,Join us for State Farm Startup Pitch Competition: MarvelX AI,2025-10-16T19:35:00.000Z,2025-10-16T19:45:00.000Z,Oceanside Ballroom BState Farm Startup Pitch Competition,General,All,AI|day2,,2025-09-11T17:52:49.163Z,2025-09-11T17:52:49.163Z
cmffpi0we00a83z7g89mq1xhz,So You Sold Your Agency... Now What?,Samantha TradeliusVice President - Lytespeed Learning,2025-10-16T19:40:00.000Z,2025-10-16T20:10:00.000Z,Mandalay Bay Ballroom E,Agents,All,agents|day2,,2025-09-11T17:52:49.166Z,2025-09-11T17:52:49.166Z
cmffpi0wi00aa3z7gk0fhyd8q,State Farm Startup Pitch Competition: Multimodal,Join us for State Farm Startup Pitch Competition: Multimodal,2025-10-16T19:45:00.000Z,2025-10-16T19:55:00.000Z,Oceanside Ballroom BState Farm Startup Pitch Competition,General,All,day2,,2025-09-11T17:52:49.171Z,2025-09-11T17:52:49.171Z
cmffpi0wg00a93z7g5yvsnmzf,BrokerTech Connect,Join us for BrokerTech Connect,2025-10-16T19:45:00.000Z,2025-10-16T21:00:00.000Z,Mandalay Bay Ballroom H -,Brokers,All,brokers|day2,,2025-09-11T17:52:49.168Z,2025-09-11T17:52:49.168Z
cmffpi0ww00ab3z7g5fo27q2o,State Farm Startup Pitch Competition: Reinsurance Analytics,Join us for State Farm Startup Pitch Competition: Reinsurance Analytics,2025-10-16T20:00:00.000Z,2025-10-16T20:10:00.000Z,Oceanside Ballroom BState Farm Startup Pitch Competition,General,All,analytics|day2,,2025-09-11T17:52:49.184Z,2025-09-11T17:52:49.184Z
cmffpi0xe00ae3z7gc1h46bmv,On Shiny Objects and Selling Insurance: A Rally Cry for Service-First Agents in a World of Technological Choice,Join us for On Shiny Objects and Selling Insurance: A Rally Cry for Service-First Agents in a World of Technological Choice,2025-10-16T20:10:00.000Z,2025-10-16T20:25:00.000Z,Mandalay Bay Ballroom E,Agents,All,agents|day2,,2025-09-11T17:52:49.202Z,2025-09-11T17:52:49.202Z
cmffpi0xj00af3z7gufcjf77i,State Farm Startup Pitch Competition: Retell AI,Join us for State Farm Startup Pitch Competition: Retell AI,2025-10-16T20:10:00.000Z,2025-10-16T20:20:00.000Z,Oceanside Ballroom BState Farm Startup Pitch Competition,General,All,AI|day2,,2025-09-11T17:52:49.207Z,2025-09-11T17:52:49.207Z
cmffpi0x400ac3z7g0z45jfe5,Exploring the Future of Insurance with Disney+: An Embedded Opportunity Presented by Kovr,Session Sponsor,2025-10-16T20:10:00.000Z,2025-10-16T20:40:00.000Z,Mandalay Bay Ballroom F,LATAM,All,sponsored|LATAM|day2,,2025-09-11T17:52:49.193Z,2025-09-11T17:52:49.193Z
cmffpi0xc00ad3z7gunf4bovh,GenAI at Work: What the Agentic Leap Means for Insurers,Session Sponsor | Celent,2025-10-16T20:10:00.000Z,2025-10-16T21:00:00.000Z,Surf Ballroom EFCelent,Summit,All,AI|sponsored|agents|day2,,2025-09-11T17:52:49.201Z,2025-09-11T17:52:49.201Z
cmffpi0xq00ag3z7g66y596z9,State Farm Startup Pitch Competition: Sutro,Join us for State Farm Startup Pitch Competition: Sutro,2025-10-16T20:20:00.000Z,2025-10-16T20:30:00.000Z,Oceanside Ballroom BState Farm Startup Pitch Competition,General,All,day2,,2025-09-11T17:52:49.214Z,2025-09-11T17:52:49.214Z
cmffpi0xv00ah3z7g6hzkpe5t,"“Hey Human, Help Me Help You!” Tips for Getting the AI + Human Balance Right","Join us for “Hey Human, Help Me Help You!” Tips for Getting the AI + Human Balance Right",2025-10-16T20:25:00.000Z,2025-10-16T20:40:00.000Z,Mandalay Bay Ballroom E,Agents,All,AI|agents|day2,,2025-09-11T17:52:49.219Z,2025-09-11T17:52:49.219Z
cmffpi0xw00ai3z7gapd9lsak,State Farm Startup Pitch Competition: Symphony,Join us for State Farm Startup Pitch Competition: Symphony,2025-10-16T20:30:00.000Z,2025-10-16T20:40:00.000Z,Oceanside Ballroom BState Farm Startup Pitch Competition,General,All,day2,,2025-09-11T17:52:49.221Z,2025-09-11T17:52:49.221Z
cmffpi0y800ak3z7gegcoz6ok,State Farm Startup Pitch Competition: Vue Robotics,Join us for State Farm Startup Pitch Competition: Vue Robotics,2025-10-16T20:40:00.000Z,2025-10-16T20:50:00.000Z,Oceanside Ballroom BState Farm Startup Pitch Competition,General,All,day2,,2025-09-11T17:52:49.232Z,2025-09-11T17:52:49.232Z
cmffpi0y500aj3z7gxzex6ecz,Modernizing Your Modernization: Rethinking Change in the Age of AI Presented by Equisoft,Session Sponsor | Equisoft,2025-10-16T20:40:00.000Z,2025-10-16T20:50:00.000Z,Mandalay Bay Ballroom F,LATAM,All,AI|sponsored|LATAM|day2,,2025-09-11T17:52:49.229Z,2025-09-11T17:52:49.229Z
cmffpi0ye00al3z7gpje0q9yt,State Farm Startup Pitch Competition: Final Voting,Join us for State Farm Startup Pitch Competition: Final Voting,2025-10-16T20:50:00.000Z,2025-10-16T20:55:00.000Z,Oceanside Ballroom BState Farm Startup Pitch Competition,General,All,day2,,2025-09-11T17:52:49.238Z,2025-09-11T17:52:49.238Z
cmffpi0yg00am3z7gcjfmieus,State Farm Startup Pitch Competition: Winner Announced,Join us for State Farm Startup Pitch Competition: Winner Announced,2025-10-16T20:55:00.000Z,2025-10-16T21:00:00.000Z,Oceanside Ballroom BState Farm Startup Pitch Competition,General,All,day2,,2025-09-11T17:52:49.240Z,2025-09-11T17:52:49.240Z
cmffpi0yo00ao3z7g84zbthg6,ITC Vegas Official Kickoff Party,Join us for ITC Vegas Official Kickoff Party,2025-10-16T21:00:00.000Z,2025-10-16T23:00:00.000Z,House of Blues (Mandalay Bay Casino),General,All,day2,,2025-09-11T17:52:49.248Z,2025-09-11T17:52:49.248Z
cmffpi0yi00an3z7g63qf1mvo,ITC LATAM Happy Hour,AI Recommended,2025-10-16T21:00:00.000Z,2025-10-16T23:00:00.000Z,Border Grill Mandalay Bay,LATAM,All,AI|LATAM|recommended|day2,,2025-09-11T17:52:49.242Z,2025-09-11T17:52:49.242Z
cmffpi1b000fd3z7gipfduclm,ITC Vegas Official Closing Party featuring the Goo Goo Dolls!,Join us for ITC Vegas Official Closing Party featuring the Goo Goo Dolls!,2025-10-17T01:00:00.000Z,2025-10-17T03:00:00.000Z,Oceanside Ballroom CD,General,All,day3,,2025-09-11T17:52:49.693Z,2025-09-11T17:52:49.693Z
cmffpi17100dd3z7gkwu2mnq7,Badge Pickup Hours (Day 3),AI Recommended,2025-10-17T11:00:00.000Z,2025-10-17T21:00:00.000Z,Mandalay Bay Foyer | Level 2,AI Track,All,AI|recommended|day3,,2025-09-11T17:52:49.550Z,2025-09-11T17:52:49.550Z
cmffpi17400de3z7gt4eu6cu1,Breakfast Sponsored by Jackson (Day 3),Session Sponsor | Jackson | AI Recommended,2025-10-17T11:00:00.000Z,2025-10-17T12:30:00.000Z,Shoreline | Level 2,Networking,All,AI|meal|sponsored|recommended|day3,,2025-09-11T17:52:49.553Z,2025-09-11T17:52:49.553Z
cmffpi17600df3z7gkffcqtwy,Thursday Keynotes On the Main Stage,Join us for Thursday Keynotes On the Main Stage,2025-10-17T12:30:00.000Z,2025-10-17T14:00:00.000Z,Oceanside Ballroom CDMain Stage,Keynote,All,keynote|day3,,2025-09-11T17:52:49.554Z,2025-09-11T17:52:49.554Z
cmffpi17800dg3z7ga4damdh0,Expo Floor Open (Day 3),Join us for Expo Floor Open,2025-10-17T13:00:00.000Z,2025-10-17T21:00:00.000Z,Mandalay Bay Convention Center,Expo,All,day3,,2025-09-11T17:52:49.557Z,2025-09-11T17:52:49.557Z
cmffpi17900dh3z7gp1rsz09k,Demo: ATLS,Innovation Alley (Expo Floor)Innovation & Solutions Stage | Session Sponsor,2025-10-17T14:00:00.000Z,2025-10-17T14:10:00.000Z,TBD,General,All,sponsored|day3,,2025-09-11T17:52:49.557Z,2025-09-11T17:52:49.557Z
cmffpi17a00di3z7g8yp1pncl,Demo: Emailgistics,Innovation Alley (Expo Floor)Innovation & Solutions Stage | Session Sponsor | Emailgistics,2025-10-17T14:15:00.000Z,2025-10-17T14:25:00.000Z,TBD,General,All,sponsored|day3,,2025-09-11T17:52:49.558Z,2025-09-11T17:52:49.558Z
cmffpi17b00dj3z7gzp9k9xrb,Cyber Insurance Summit Opening Remarks,"Amit AroraVP, Product at RGA & Adjunct Associate Professor, Applied Risk Analytics - Columbia University",2025-10-17T14:30:00.000Z,2025-10-17T14:40:00.000Z,Mandalay Bay Ballroom JCyber Insurance Summit,Summit,All,cyber|analytics|day3,,2025-09-11T17:52:49.559Z,2025-09-11T17:52:49.559Z
cmffpi17c00dk3z7gs744w5dz,Demo Presented by Mulberri,Innovation Alley (Expo Floor)Innovation & Solutions Stage | Session Sponsor,2025-10-17T14:30:00.000Z,2025-10-17T14:40:00.000Z,TBD,General,All,sponsored|day3,,2025-09-11T17:52:49.561Z,2025-09-11T17:52:49.561Z
cmffpi17h00dp3z7gk3agv5ar,"The New Underwriting Engine: AI, Data, and Partnerships in Small Commercial Presented by IntellectAI",Clive ThompsonInsuretech Center of Excellence - Guy Carpenter | Jascha ProsiegelHead of Insurtech Programs - Munich Re Specialty Insurance-North America | Session Sponsor | IntellectAI,2025-10-17T14:30:00.000Z,2025-10-17T15:05:00.000Z,Mandalay Bay Ballroom KUnderwriting Track,Data & Analytics,All,AI|InsurTech|sponsored|underwriting|data|day3,,2025-09-11T17:52:49.566Z,2025-09-11T17:52:49.566Z
cmffpi17g00do3z7g8j0xj1mk,Scaling Smarter: Modern Marketing Strategies Driving Growth in Insurance,"Distribution, Sales & Marketing Stage (Expo Floor)Sales & Performance Marketing TrackShow more | AI Recommended",2025-10-17T14:30:00.000Z,2025-10-17T15:05:00.000Z,TBD,AI Track,All,AI|distribution|recommended|day3,,2025-09-11T17:52:49.565Z,2025-09-11T17:52:49.565Z
cmffpi17g00dn3z7gsupagc6m,Precision in Motion: Using Driving Behavior Data to Refine Territorial Pricing Presented by Arity,Session Sponsor | Arity,2025-10-17T14:30:00.000Z,2025-10-17T15:05:00.000Z,"Mandalay Bay Ballroom IProperty, Motor & Travel Track",Data & Analytics,All,sponsored|data|day3,,2025-09-11T17:52:49.564Z,2025-09-11T17:52:49.564Z
cmffpi17f00dm3z7gz4utimqm,Mind the Gap: Why Benefits Are the New Business Risk,"ITC Life, Health & Benefits Stage (Expo Floor)ITC Life, Health & Benefits",2025-10-17T14:30:00.000Z,2025-10-17T14:50:00.000Z,TBD,General,All,day3,,2025-09-11T17:52:49.563Z,2025-09-11T17:52:49.563Z
cmffpi17d00dl3z7g8c8ks6ys,Insuring Innovation: Profitable Growth Strategies for Emerging Risks Presented by Milliman,Session Sponsor | Milliman | AI Recommended,2025-10-17T14:30:00.000Z,2025-10-17T15:05:00.000Z,Mandalay Bay Ballroom LInnovation in Action Track,AI Track,All,AI|sponsored|recommended|day3,,2025-09-11T17:52:49.562Z,2025-09-11T17:52:49.562Z
cmffpi17i00dq3z7gm2p4rop0,"New Tech, New Threats: The Cyber Insurance Shake-Up, The Crossroads of Innovation and Risk in Cyber Insurance",Ayelet KutnerChief Technology Officer - At-Bay,2025-10-17T14:40:00.000Z,2025-10-17T15:00:00.000Z,Mandalay Bay Ballroom JCyber Insurance Summit,Summit,All,cyber|day3,,2025-09-11T17:52:49.567Z,2025-09-11T17:52:49.567Z
cmffpi17j00dr3z7g16vr3obm,Demo: Lumenova AI,Innovation Alley (Expo Floor)Innovation & Solutions Stage | Session Sponsor,2025-10-17T14:45:00.000Z,2025-10-17T14:55:00.000Z,TBD,General,All,AI|sponsored|day3,,2025-09-11T17:52:49.568Z,2025-09-11T17:52:49.568Z
cmffpi17l00ds3z7gzznip9do,"Beyond Benefits: Turning Caregiver Support Into a Business Advantage - Why Investing in Caregivers Is a Smart Play for Productivity, Engagement, and Claims Outcomes Presented by Mellie","ITC Life, Health & Benefits Stage (Expo Floor)ITC Life, Health & Benefits | Session Sponsor | Mellie",2025-10-17T14:55:00.000Z,2025-10-17T15:15:00.000Z,TBD,Claims,All,sponsored|claims|day3,,2025-09-11T17:52:49.570Z,2025-09-11T17:52:49.570Z
cmffpi17x00dv3z7g06ewzk4e,Distribution Town Square Takeover: Beyond the Multiple- Unlocking Value in Insurance Agency/Broker & MGA Deals,"Distribution, Sales, Marketing Town Square (Expo Floor)ITC Community Meet-UpsShow more | Matthew PrendergastHead of Corporate Development - Ambac | Added to schedule",2025-10-17T15:00:00.000Z,2025-10-17T16:00:00.000Z,TBD,Brokers,All,brokers|distribution|day3,,2025-09-11T17:52:49.582Z,2025-09-11T17:52:49.582Z
cmffpi18000dw3z7g5lb0vyhk,Navigating the Data Revolution in Cyber Insurance,Adam GladsdenSVP - Global Cyber Risk Intelligence Product Leader - Marsh,2025-10-17T15:00:00.000Z,2025-10-17T15:25:00.000Z,Mandalay Bay Ballroom JCyber Insurance Summit,Summit,All,cyber|data|day3,,2025-09-11T17:52:49.585Z,2025-09-11T17:52:49.585Z
cmffpi17u00du3z7gxwa9dym7,Demo: Prediction Lab,Innovation Alley (Expo Floor)Innovation & Solutions Stage | Session Sponsor,2025-10-17T15:00:00.000Z,2025-10-17T15:10:00.000Z,TBD,General,All,sponsored|day3,,2025-09-11T17:52:49.579Z,2025-09-11T17:52:49.579Z
cmffpi17q00dt3z7grw2g38g2,Clearspeed Gives Back (Day 3),Join us for Clearspeed Gives Back,2025-10-17T15:00:00.000Z,2025-10-17T18:00:00.000Z,TBD,General,All,day3,,2025-09-11T17:52:49.574Z,2025-09-11T17:52:49.574Z
cmffpi18400dy3z7gl8xveybm,"On-Demand, Embedded, and Effortless: The New Rules of Travel Insurance","Join us for On-Demand, Embedded, and Effortless: The New Rules of Travel Insurance",2025-10-17T15:10:00.000Z,2025-10-17T15:45:00.000Z,"Mandalay Bay Ballroom IProperty, Motor & Travel Track",General,All,day3,,2025-09-11T17:52:49.588Z,2025-09-11T17:52:49.588Z
cmffpi18500dz3z7ge9v4jdb2,Reimagining Insurance Growth with AI Powered by Adobe,"Distribution, Sales & Marketing Stage (Expo Floor)Sales & Performance Marketing TrackShow more | Session Sponsor",2025-10-17T15:10:00.000Z,2025-10-17T15:45:00.000Z,TBD,General,All,AI|sponsored|distribution|day3,,2025-09-11T17:52:49.590Z,2025-09-11T17:52:49.590Z
cmffpi18700e03z7gs7p8mklk,Session Presented by SAS,Session Sponsor | SAS,2025-10-17T15:10:00.000Z,2025-10-17T15:30:00.000Z,Mandalay Bay Ballroom LInnovation in Action Track,General,All,sponsored|day3,,2025-09-11T17:52:49.592Z,2025-09-11T17:52:49.592Z
cmffpi18200dx3z7g8p3jgp8m,"How Carriers, Agencies and Reinsurers Are Using AI and New Property Intelligence to Reduce Losses Today Presented by Home Factors by PGM",Brian SuzukiChief Insurance Officer - Bamboo Insurance | Session Sponsor | Home Factors by PGM,2025-10-17T15:10:00.000Z,2025-10-17T15:30:00.000Z,Mandalay Bay Ballroom KUnderwriting Track,General,All,AI|sponsored|underwriting|day3,,2025-09-11T17:52:49.586Z,2025-09-11T17:52:49.586Z
cmffpi18900e13z7grzl9f23l,Demo: omni:us Digital Claims Adjuster,Innovation Alley (Expo Floor)Innovation & Solutions Stage | Session Sponsor | omni:us,2025-10-17T15:15:00.000Z,2025-10-17T15:25:00.000Z,TBD,Claims,All,sponsored|claims|day3,,2025-09-11T17:52:49.594Z,2025-09-11T17:52:49.594Z
cmffpi18b00e23z7gbtu11r4u,AI & Employee Benefits: Full Speed Ahead or Pump the Brakes?,"ITC Life, Health & Benefits Stage (Expo Floor)ITC Life, Health & BenefitsShow more",2025-10-17T15:20:00.000Z,2025-10-17T15:55:00.000Z,TBD,General,All,AI|day3,,2025-09-11T17:52:49.595Z,2025-09-11T17:52:49.595Z
cmffpi18d00e33z7gbg0isgpb,After the Breach: Building a Resilience-Ready Response for Small Businesses,Adam AbreschNational Cyber Risk Practice Leader - Acrisure,2025-10-17T15:25:00.000Z,2025-10-17T16:00:00.000Z,Mandalay Bay Ballroom JCyber Insurance Summit,Summit,All,cyber|day3,,2025-09-11T17:52:49.597Z,2025-09-11T17:52:49.597Z
cmffpi18e00e43z7glsxf8x3s,Demo: RAVIN AI,Innovation Alley (Expo Floor)Innovation & Solutions Stage | Session Sponsor,2025-10-17T15:30:00.000Z,2025-10-17T15:40:00.000Z,TBD,General,All,AI|sponsored|day3,,2025-09-11T17:52:49.598Z,2025-09-11T17:52:49.598Z
cmffpi18g00e63z7gjs7u4hs2,From Underwriter to Entrepreneur: How Supportive Ecosystems are Helping Underwriters Become Innovators,Kiley O'ConnellCEO - Lynx Specialty (a MISSION program),2025-10-17T15:35:00.000Z,2025-10-17T16:00:00.000Z,Mandalay Bay Ballroom KUnderwriting Track,General,All,underwriting|day3,,2025-09-11T17:52:49.600Z,2025-09-11T17:52:49.600Z
cmffpi18f00e53z7gym4yawtm,From Startup to Exit - One Founder's Journey Through the Insurtech World,Join us for From Startup to Exit - One Founder's Journey Through the Insurtech World,2025-10-17T15:35:00.000Z,2025-10-17T16:00:00.000Z,Mandalay Bay Ballroom LInnovation in Action Track,General,All,InsurTech|day3,,2025-09-11T17:52:49.600Z,2025-09-11T17:52:49.600Z
cmffpi18h00e73z7gyqpkjghd,Beyond the Storm: Adapting Insurance for a Changing Climate,Join us for Beyond the Storm: Adapting Insurance for a Changing Climate,2025-10-17T15:50:00.000Z,2025-10-17T16:10:00.000Z,"Mandalay Bay Ballroom IProperty, Motor & Travel Track",General,All,day3,,2025-09-11T17:52:49.602Z,2025-09-11T17:52:49.602Z
cmffpi18m00e83z7gped3a6dg,Fate of Cyber Insurtech MGAs in Soft Market Conditions,Jamie ThompsonDirector of Financial & Specialty Lines - QBE | James DominguezSenior Broker - Gallagher Re,2025-10-17T16:00:00.000Z,2025-10-17T16:35:00.000Z,Mandalay Bay Ballroom JCyber Insurance Summit,Summit,All,InsurTech|brokers|cyber|day3,,2025-09-11T17:52:49.606Z,2025-09-11T17:52:49.606Z
cmffpi18o00e93z7gyvteg7uu,Founders Forum: The Playbook for Building & Scaling Insurtechs,Join us for Founders Forum: The Playbook for Building & Scaling Insurtechs,2025-10-17T16:00:00.000Z,2025-10-17T17:30:00.000Z,ITC Community Center (Expo Floor)ITC Community Meet-Ups,General,All,InsurTech|day3,,2025-09-11T17:52:49.608Z,2025-09-11T17:52:49.608Z
cmffpi18s00ea3z7go21dfabj,Lunch Sponsored by isolved (Day 3),Session Sponsor | isolved,2025-10-17T16:00:00.000Z,2025-10-17T17:30:00.000Z,TBD,Networking,All,meal|sponsored|day3,,2025-09-11T17:52:49.612Z,2025-09-11T17:52:49.612Z
cmffpi18t00eb3z7g7a5tio63,Stop Waiting for AI Perfection: A Platform-Based Approach to Production-Ready Agents Presented by Lifebridge,"ITC Life, Health & Benefits Stage (Expo Floor)ITC Life, Health & BenefitsShow more | Biz DziarmagaVP - Build Americas Sales & AI Partnerships - IBM | Session Sponsor",2025-10-17T16:00:00.000Z,2025-10-17T16:20:00.000Z,TBD,General,All,AI|sponsored|agents|day3,,2025-09-11T17:52:49.614Z,2025-09-11T17:52:49.614Z
cmffpi18v00ec3z7gw5t4njgf,Where’s the Moat?,Join us for Where’s the Moat?,2025-10-17T16:00:00.000Z,2025-10-17T16:15:00.000Z,Mandalay Bay Ballroom LInnovation in Action Track,General,All,day3,,2025-09-11T17:52:49.615Z,2025-09-11T17:52:49.615Z
cmffpi18w00ed3z7gdvmpwnda,Session Presented by TomTom,Session Sponsor | TomTom,2025-10-17T16:15:00.000Z,2025-10-17T16:35:00.000Z,"Mandalay Bay Ballroom IProperty, Motor & Travel Track",General,All,sponsored|day3,,2025-09-11T17:52:49.617Z,2025-09-11T17:52:49.617Z
cmffpi18x00ee3z7gx1rodsop,Aligning Regulators and Insurers on Predict and Prevent Strategies in the New Climate Era,Join us for Aligning Regulators and Insurers on Predict and Prevent Strategies in the New Climate Era,2025-10-17T17:00:00.000Z,2025-10-17T17:45:00.000Z,Oceanside Ballroom BDeep Dives,General,All,day3,,2025-09-11T17:52:49.617Z,2025-09-11T17:52:49.617Z
cmffpi19200eg3z7g1des3uc1,"Beyond the Build: Sustaining Tech Velocity Through Culture, Collaboration, and Control","Join us for Beyond the Build: Sustaining Tech Velocity Through Culture, Collaboration, and Control",2025-10-17T18:00:00.000Z,2025-10-17T18:20:00.000Z,Mandalay Bay Ballroom LInnovation in Action Track,General,All,day3,,2025-09-11T17:52:49.622Z,2025-09-11T17:52:49.622Z
cmffpi18z00ef3z7gtigzaayl,"B2B and B2C Growth Strategies: Same Goals, Different Games","Distribution, Sales & Marketing Stage (Expo Floor)Sales & Performance Marketing TrackShow more",2025-10-17T18:00:00.000Z,2025-10-17T18:35:00.000Z,TBD,General,All,distribution|day3,,2025-09-11T17:52:49.619Z,2025-09-11T17:52:49.619Z
cmffpi19300eh3z7gveli7vfl,"Car Insurance Still Assumes the Thief Breaks In, Not Logs In",Amir DinurCEO - Motoro Security,2025-10-17T18:00:00.000Z,2025-10-17T18:15:00.000Z,"Mandalay Bay Ballroom IProperty, Motor & Travel Track",General,All,day3,,2025-09-11T17:52:49.624Z,2025-09-11T17:52:49.624Z
cmffpi19600ei3z7gxp1ttm75,LATAM Town Square Takeover: Brazil Meetup (Day 3),ITC LATAM Town Square (Expo Floor)ITC Community Meet-Ups,2025-10-17T18:00:00.000Z,2025-10-17T18:30:00.000Z,TBD,General,All,LATAM|day3,,2025-09-11T17:52:49.627Z,2025-09-11T17:52:49.627Z
cmffpi19c00ek3z7gb2joa3gq,Session Presented by Solvrays,"ITC Life, Health & Benefits Stage (Expo Floor)ITC Life, Health & Benefits | Session Sponsor | Solvrays",2025-10-17T18:00:00.000Z,2025-10-17T18:10:00.000Z,TBD,General,All,sponsored|day3,,2025-09-11T17:52:49.632Z,2025-09-11T17:52:49.632Z
cmffpi19d00el3z7gjcw4kdin,Underwriting 2.0: Welcoming the Era of Intake-as-a-Service (IaaS) Presented by Pibit.ai,Session Sponsor | Pibit.ai,2025-10-17T18:00:00.000Z,2025-10-17T18:20:00.000Z,Mandalay Bay Ballroom KUnderwriting Track,General,All,AI|sponsored|underwriting|day3,,2025-09-11T17:52:49.634Z,2025-09-11T17:52:49.634Z
cmffpi19800ej3z7gptljnx5l,Session Presented by DQLabs,Innovation Alley (Expo Floor)Innovation & Solutions Stage | Session Sponsor,2025-10-17T18:00:00.000Z,2025-10-17T18:10:00.000Z,TBD,General,All,sponsored|day3,,2025-09-11T17:52:49.629Z,2025-09-11T17:52:49.629Z
cmffpi19n00en3z7gudh6bw3v,Innovating Minds: What Insurance Can Learn from Psychedelics,"ITC Life, Health & Benefits Stage (Expo Floor)ITC Life, Health & Benefits",2025-10-17T18:15:00.000Z,2025-10-17T18:30:00.000Z,TBD,General,All,day3,,2025-09-11T17:52:49.643Z,2025-09-11T17:52:49.643Z
cmffpi19f00em3z7goqoyvtg9,Demo: weav.ai Underwriting Copilot,Innovation Alley (Expo Floor)Innovation & Solutions Stage | Session Sponsor,2025-10-17T18:15:00.000Z,2025-10-17T18:25:00.000Z,TBD,General,All,AI|sponsored|underwriting|day3,,2025-09-11T17:52:49.636Z,2025-09-11T17:52:49.636Z
cmffpi19q00eo3z7g3n2wlcjr,"Commercial Auto, Connected: Executive Fireside Chat on the Latest Telematics Trends","Join us for Commercial Auto, Connected: Executive Fireside Chat on the Latest Telematics Trends",2025-10-17T18:20:00.000Z,2025-10-17T18:55:00.000Z,"Mandalay Bay Ballroom IProperty, Motor & Travel Track",General,All,day3,,2025-09-11T17:52:49.646Z,2025-09-11T17:52:49.646Z
cmffpi19q00ep3z7gbp8gnhnc,The Tech-Enabled Underwriter: Navigating the New Cyber Risk Landscape,Join us for The Tech-Enabled Underwriter: Navigating the New Cyber Risk Landscape,2025-10-17T18:20:00.000Z,2025-10-17T18:55:00.000Z,Mandalay Bay Ballroom JCyber Insurance Summit,Summit,All,cyber|day3,,2025-09-11T17:52:49.647Z,2025-09-11T17:52:49.647Z
cmffpi19w00er3z7gfsftcbkx,Unlocking Enterprise-scale ROI from Agentic AI Presented by Skan.ai,Session Sponsor | Skan,2025-10-17T18:25:00.000Z,2025-10-17T19:00:00.000Z,Mandalay Bay Ballroom LInnovation in Action Track,General,All,AI|sponsored|agents|day3,,2025-09-11T17:52:49.652Z,2025-09-11T17:52:49.652Z
cmffpi19s00eq3z7gfejgr7ax,Reclaiming Your Underwriter ROI: The AI Journey from FOMO to Production Presented by Roots,Session Sponsor | Roots,2025-10-17T18:25:00.000Z,2025-10-17T19:00:00.000Z,Mandalay Bay Ballroom KUnderwriting Track,General,All,AI|sponsored|underwriting|day3,,2025-09-11T17:52:49.648Z,2025-09-11T17:52:49.648Z
cmffpi19y00es3z7gp0ievgyz,MAS-terplan: How Multi-Agent AI Systems Are Rewiring Underwriting Presented by Encora,Innovation Alley (Expo Floor)Innovation & Solutions Stage | Session Sponsor | ENCORA | AI Recommended,2025-10-17T18:30:00.000Z,2025-10-17T18:40:00.000Z,TBD,AI Track,All,AI|sponsored|agents|underwriting|recommended|day3,,2025-09-11T17:52:49.655Z,2025-09-11T17:52:49.655Z
cmffpi1a100et3z7g3jou459w,"When Insurance Meets Wealth: The Convergence of Distribution in Life, Annuities, and Holistic Financial Advice","ITC Life, Health & Benefits Stage (Expo Floor)ITC Life, Health & BenefitsShow more",2025-10-17T18:35:00.000Z,2025-10-17T19:10:00.000Z,TBD,General,All,distribution|day3,,2025-09-11T17:52:49.657Z,2025-09-11T17:52:49.657Z
cmffpi1a200eu3z7gyw72a9ea,Personalization at Scale: Earning Trust Without Losing Efficiency,"Distribution, Sales & Marketing Stage (Expo Floor)Sales & Performance Marketing Track",2025-10-17T18:40:00.000Z,2025-10-17T19:15:00.000Z,TBD,General,All,distribution|day3,,2025-09-11T17:52:49.659Z,2025-09-11T17:52:49.659Z
cmffpi1a300ev3z7grqb6lmuc,Demo: Property Guardian,Innovation Alley (Expo Floor)Innovation & Solutions Stage | Session Sponsor,2025-10-17T18:45:00.000Z,2025-10-17T18:55:00.000Z,TBD,General,All,sponsored|day3,,2025-09-11T17:52:49.660Z,2025-09-11T17:52:49.660Z
cmffpi1a600ew3z7ggyn2hu2s,Quantifying the Cost of Cyber Risk,Scott StranskyMD - Head of the Cyber Risk Intelligence Center - Marsh McLennan,2025-10-17T18:55:00.000Z,2025-10-17T19:10:00.000Z,Mandalay Bay Ballroom JCyber Insurance Summit,Summit,All,cyber|day3,,2025-09-11T17:52:49.663Z,2025-09-11T17:52:49.663Z
cmffpi1a700ex3z7g68zdzffo,Session Presented by Decisions,Innovation Alley (Expo Floor)Innovation & Solutions Stage | Session Sponsor,2025-10-17T19:00:00.000Z,2025-10-17T19:10:00.000Z,TBD,General,All,sponsored|day3,,2025-09-11T17:52:49.664Z,2025-09-11T17:52:49.664Z
cmffpi1a800ey3z7gp8gj9p7w,What 1.6 Million Fires Can Tell Us About Non-Catastrophe Fire Risk,Jessica LeongCEO - Octagram Analytics,2025-10-17T19:00:00.000Z,2025-10-17T19:20:00.000Z,"Mandalay Bay Ballroom IProperty, Motor & Travel Track",General,All,analytics|day3,,2025-09-11T17:52:49.665Z,2025-09-11T17:52:49.665Z
cmffpi1ac00f03z7gxdcl432k,"The Underwriter of the Future: How Data, AI, and Automation Are Changing the Role","Join us for The Underwriter of the Future: How Data, AI, and Automation Are Changing the Role",2025-10-17T19:05:00.000Z,2025-10-17T19:40:00.000Z,Mandalay Bay Ballroom KUnderwriting Track,Data & Analytics,All,underwriting|data|day3,,2025-09-11T17:52:49.668Z,2025-09-11T17:52:49.668Z
cmffpi1aa00ez3z7g98v966qb,Insurance Innovations for the Clean Energy Transition: Unlocking Capital through Risk Solutions,Alisa ValderramaCEO & Co-Founder - FutureProof,2025-10-17T19:05:00.000Z,2025-10-17T19:40:00.000Z,Mandalay Bay Ballroom LInnovation in Action Track,General,All,day3,,2025-09-11T17:52:49.667Z,2025-09-11T17:52:49.667Z
cmffpi1aj00f13z7gdo44moip,Quantum Computing in Insurance: Do We Need to Invest Our Energies Now or Wait to Be Followers?,Join us for Quantum Computing in Insurance: Do We Need to Invest Our Energies Now or Wait to Be Followers?,2025-10-17T19:10:00.000Z,2025-10-17T19:45:00.000Z,Mandalay Bay Ballroom JCyber Insurance Summit,Summit,All,cyber|day3,,2025-09-11T17:52:49.676Z,2025-09-11T17:52:49.676Z
cmffpi1aq00f53z7g27lwa0pm,Vitesse Wine Tasting (Day 3),Booth 1219 (Expo Floor)Culinary Experiences | Session Sponsor | Vitesse,2025-10-17T19:15:00.000Z,2025-10-17T20:30:00.000Z,TBD,General,All,sponsored|day3,,2025-09-11T17:52:49.683Z,2025-09-11T17:52:49.683Z
cmffpi1ao00f33z7g4wub8pjv,Expo Floor Happy Hour (Day 3),Join us for Expo Floor Happy Hour,2025-10-17T19:15:00.000Z,2025-10-17T20:30:00.000Z,TBD,Networking,All,day3,,2025-09-11T17:52:49.681Z,2025-09-11T17:52:49.681Z
cmffpi1ap00f43z7g4xqs8x9l,Principles and Practical Uses for Clinical Epigenetic Testing in Underwriting and Wellness Programming,"ITC Life, Health & Benefits Stage (Expo Floor)ITC Life, Health & Benefits | Andy KramerVP - Head of Underwriting Risk and Innovation - MFIN",2025-10-17T19:15:00.000Z,2025-10-17T19:35:00.000Z,TBD,General,All,underwriting|day3,,2025-09-11T17:52:49.682Z,2025-09-11T17:52:49.682Z
cmffpi1am00f23z7gh3nd1ick,Demo: Arivonix Corporation,Innovation Alley (Expo Floor)Innovation & Solutions Stage | Session Sponsor,2025-10-17T19:15:00.000Z,2025-10-17T19:25:00.000Z,TBD,General,All,sponsored|day3,,2025-09-11T17:52:49.679Z,2025-09-11T17:52:49.679Z
cmffpi1as00f63z7gpogn0x23,Messaging Through Mayhem: How Insurance Leaders Navigate Communication in Uncertain Times,"Distribution, Sales & Marketing Stage (Expo Floor)Sales & Performance Marketing Track",2025-10-17T19:20:00.000Z,2025-10-17T19:55:00.000Z,TBD,General,All,distribution|day3,,2025-09-11T17:52:49.684Z,2025-09-11T17:52:49.684Z
cmffpi15g00cs3z7gaeoii6by,Personal Property: The Overlooked Lever for Loss Ratio and Retention,Gwen OlsenAVP - Claims Strategy - American Family Insurance,2025-10-17T19:25:00.000Z,2025-10-17T19:45:00.000Z,Mandalay Bay Ballroom IClaims Track,General,All,claims|day3,,2025-09-11T17:52:49.493Z,2025-09-11T17:52:49.493Z
cmffpi1au00f73z7gkxapgzs8,Future-Proofing Commercial Property Insurance: From Climate Risk to Smart Buildings,Join us for Future-Proofing Commercial Property Insurance: From Climate Risk to Smart Buildings,2025-10-17T19:25:00.000Z,2025-10-17T20:00:00.000Z,"Mandalay Bay Ballroom IProperty, Motor & Travel Track",General,All,day3,,2025-09-11T17:52:49.687Z,2025-09-11T17:52:49.687Z
cmffpi15f00cr3z7gio7gexs4,"Life Insurance Isn’t Bought, It’s Sold: Simplifying Access for the Middle Market in the AI Era Presented by Neutrinos","ITC Life, Health & Benefits Stage (Expo Floor)ITC Life, Health & Benefits | Ramya BabuCo-founder & President, North America - Neutrinos | Session Sponsor | Neutrinos",2025-10-17T19:25:00.000Z,2025-10-17T19:45:00.000Z,TBD,General,All,AI|sponsored|day3,,2025-09-11T17:52:49.491Z,2025-09-11T17:52:49.491Z
cmffpi15m00cw3z7g0g9smi7e,Scaling Specialty Property MGAs: From Niche to Nationwide Growth,Join us for Scaling Specialty Property MGAs: From Niche to Nationwide Growth,2025-10-17T19:30:00.000Z,2025-10-17T19:50:00.000Z,Mandalay Bay Ballroom JSpecialty & Commercial Insurance Track,General,All,day3,,2025-09-11T17:52:49.499Z,2025-09-11T17:52:49.499Z
cmffpi1av00f83z7g1d2qbu4c,Demo: Findevor.ai,Innovation Alley (Expo Floor)Innovation & Solutions Stage,2025-10-17T19:30:00.000Z,2025-10-17T19:40:00.000Z,TBD,General,All,AI|day3,,2025-09-11T17:52:49.687Z,2025-09-11T17:52:49.687Z
cmffpi15r00cy3z7geyn14prk,YASSI Whiskey Tasting,Booth 2542 (Expo Floor)Culinary Experiences | Session Sponsor | YASSI,2025-10-17T19:30:00.000Z,2025-10-17T20:45:00.000Z,TBD,General,All,sponsored|day3,,2025-09-11T17:52:49.503Z,2025-09-11T17:52:49.503Z
cmffpi15o00cx3z7gxh10x4tk,The Customer Report Card: What's Working and What's Broken in Today's Market,Join us for The Customer Report Card: What's Working and What's Broken in Today's Market,2025-10-17T19:30:00.000Z,2025-10-17T19:45:00.000Z,"Mandalay Bay Ballroom KCustomer Experience, Retention & Acquisition Track",General,All,day3,,2025-09-11T17:52:49.501Z,2025-09-11T17:52:49.501Z
cmffpi15k00cv3z7gs9t713l7,"Real-Time Data, Real-Time Decisions: The End of Traditional Risk Assessment?","Magda RamadaGlobal InsurTech Innovation Leader, WTW, ICT - WTW",2025-10-17T19:30:00.000Z,2025-10-17T20:05:00.000Z,Mandalay Bay Ballroom HData & Analytics Track,Data & Analytics,All,InsurTech|data|analytics|day3,,2025-09-11T17:52:49.497Z,2025-09-11T17:52:49.497Z
cmffpi15k00cu3z7gainf6hnj,Inside the Innovation Engine: How Insurers Turn Data and Collaboration with Startups into Impactful Innovation Strategies,Barbara WagnerHead of Strategy - Zurich North America,2025-10-17T19:30:00.000Z,2025-10-17T20:05:00.000Z,Mandalay Bay Ballroom LInnovation in Action Track,Data & Analytics,All,data|day3,,2025-09-11T17:52:49.496Z,2025-09-11T17:52:49.496Z
cmffpi15j00ct3z7g04ua3t13,Demo Presented by Form.io,Innovation Alley (Expo Floor)Innovation & Solutions Stage | Session Sponsor | Form.io,2025-10-17T19:30:00.000Z,2025-10-17T19:40:00.000Z,TBD,General,All,sponsored|day3,,2025-09-11T17:52:49.495Z,2025-09-11T17:52:49.495Z
cmffpi15u00cz3z7gkm7ab3hp,Demo: Hyland,Innovation Alley (Expo Floor)Innovation & Solutions Stage | Session Sponsor | Hyland,2025-10-17T19:45:00.000Z,2025-10-17T19:55:00.000Z,TBD,General,All,sponsored|day3,,2025-09-11T17:52:49.507Z,2025-09-11T17:52:49.507Z
cmffpi1ay00fa3z7gwcos40kg,Beyond the Payout: Parametric Insurance as a Strategic Risk Management Tool,Alex KaplanEVP - Alternative Risk - AmWINS Group | Cole MayerHead of Parametric - Aon,2025-10-17T19:45:00.000Z,2025-10-17T20:20:00.000Z,Mandalay Bay Ballroom LInnovation in Action Track,General,All,day3,,2025-09-11T17:52:49.690Z,2025-09-11T17:52:49.690Z
cmffpi1aw00f93z7gmqlm4wec,50% Automated and Rising: Inside iA’s Business-Led Underwriting Transformation,Join us for 50% Automated and Rising: Inside iA’s Business-Led Underwriting Transformation,2025-10-17T19:45:00.000Z,2025-10-17T20:05:00.000Z,Mandalay Bay Ballroom KUnderwriting Track,General,All,underwriting|day3,,2025-09-11T17:52:49.688Z,2025-09-11T17:52:49.688Z
cmffpi1az00fb3z7g73rp2jwl,Demo: Sherpa+,Innovation Alley (Expo Floor)Innovation & Solutions Stage,2025-10-17T19:45:00.000Z,2025-10-17T19:55:00.000Z,TBD,General,All,day3,,2025-09-11T17:52:49.691Z,2025-09-11T17:52:49.691Z
cmffpi1b000fc3z7gpu4ypb6c,Insurance 4.0: Embracing Technology for Resilience and Growth,AI Recommended,2025-10-17T19:45:00.000Z,2025-10-17T20:05:00.000Z,Mandalay Bay Ballroom JCyber Insurance Summit,Summit,All,AI|cyber|recommended|day3,,2025-09-11T17:52:49.692Z,2025-09-11T17:52:49.692Z
cmffpi15x00d03z7g621rvswy,Latin America Meet & Greet Happy Hour Sponsored by Prudential,ITC LATAM Town Square (Expo Floor)Culinary Experiences | Session Sponsor,2025-10-17T19:45:00.000Z,2025-10-17T20:45:00.000Z,TBD,Networking,All,sponsored|LATAM|day3,,2025-09-11T17:52:49.510Z,2025-09-11T17:52:49.510Z
cmffpi16a00d33z7g4ph0i1yr,Winning the Moments That Matter: A New Formula for Retention Presented by Stripe,Session Sponsor | Stripe,2025-10-17T19:50:00.000Z,2025-10-17T20:10:00.000Z,"Mandalay Bay Ballroom KCustomer Experience, Retention & Acquisition Track",General,All,sponsored|day3,,2025-09-11T17:52:49.523Z,2025-09-11T17:52:49.523Z
cmffpi16100d13z7gprp70z1l,"Instant Payouts, Smarter Decisions, and the Future of Claims Innovation","Join us for Instant Payouts, Smarter Decisions, and the Future of Claims Innovation",2025-10-17T19:50:00.000Z,2025-10-17T20:25:00.000Z,Mandalay Bay Ballroom IClaims Track,Claims,All,claims|day3,,2025-09-11T17:52:49.514Z,2025-09-11T17:52:49.514Z
cmffpi16700d23z7gyn2m7c92,Reimagining Long-Term Financial Planning with Bitcoin & Life Insurance: The Product and Partnership Opportunity,"ITC Life, Health & Benefits Stage (Expo Floor)ITC Life, Health & Benefits",2025-10-17T19:50:00.000Z,2025-10-17T20:05:00.000Z,TBD,General,All,day3,,2025-09-11T17:52:49.519Z,2025-09-11T17:52:49.519Z
cmffpi16c00d43z7g0dtsi4hj,Captives Unlocked: A Strategic Advantage for MGAs and Brokers,"Distribution, Sales & Marketing Stage (Expo Floor)Distribution Track | Sam EspinosaCMO & Co-Founder - Luzern Risk",2025-10-17T19:55:00.000Z,2025-10-17T20:10:00.000Z,TBD,Brokers,All,brokers|distribution|day3,,2025-09-11T17:52:49.525Z,2025-09-11T17:52:49.525Z
cmffpi16e00d53z7g9hcqbvjg,From 0 to Series C: Disrupting E+S with Speed and Scale,Mike MansellVenture Capital Principal - American Family Ventures,2025-10-17T19:55:00.000Z,2025-10-17T20:15:00.000Z,Mandalay Bay Ballroom JSpecialty & Commercial Insurance Track,General,All,day3,,2025-09-11T17:52:49.526Z,2025-09-11T17:52:49.526Z
cmffpi16i00d73z7g0i9x1fok,Matterport Bourbon Tasting,Booth 2258 (Expo Floor)Culinary Experiences | Session Sponsor | Matterport,2025-10-17T20:00:00.000Z,2025-10-17T21:15:00.000Z,TBD,General,All,sponsored|day3,,2025-09-11T17:52:49.530Z,2025-09-11T17:52:49.530Z
cmffpi16h00d63z7gioepqu83,Demo Presented by Level AI,Innovation Alley (Expo Floor)Innovation & Solutions Stage | Session Sponsor,2025-10-17T20:00:00.000Z,2025-10-17T20:10:00.000Z,Level AI,General,All,AI|sponsored|day3,,2025-09-11T17:52:49.529Z,2025-09-11T17:52:49.529Z
cmffpi16l00d93z7gejgidnw5,How Agentic AI is Transforming Insurance: Navigating Hype and Reality with a Frontier Firm Mindset Presented by Microsoft,Innovation Alley (Expo Floor)Innovation & Solutions Stage | Session Sponsor,2025-10-17T20:15:00.000Z,2025-10-17T20:35:00.000Z,TBD,General,All,AI|sponsored|agents|day3,,2025-09-11T17:52:49.533Z,2025-09-11T17:52:49.533Z
cmffpi16q00db3z7gtud6eaqt,Margaritas and Microsoft,Innovation Alley (Expo Floor)Culinary Experiences | Session Sponsor,2025-10-17T20:15:00.000Z,2025-10-17T21:30:00.000Z,TBD,General,All,sponsored|day3,,2025-09-11T17:52:49.539Z,2025-09-11T17:52:49.539Z
cmffpi16j00d83z7giuznj8xx,Expo Floor Happy Hour,Join us for Expo Floor Happy Hour,2025-10-17T20:15:00.000Z,2025-10-17T21:30:00.000Z,TBD,Networking,All,day3,,2025-09-11T17:52:49.531Z,2025-09-11T17:52:49.531Z
cmffpi16y00dc3z7g5a2n638f,Vitesse Wine Tasting,Booth 1219 (Expo Floor)Culinary Experiences | Session Sponsor | Vitesse,2025-10-17T20:15:00.000Z,2025-10-17T21:30:00.000Z,TBD,General,All,sponsored|day3,,2025-09-11T17:52:49.547Z,2025-09-11T17:52:49.547Z
cmffpi16o00da3z7ged1alh2g,"Life, Health & Benefits Town Square Takeover: Meeting a New Era of Customer Demands Presented by Majesco","ITC Life, Health & Benefits Town Square (Expo Floor)ITC Community Meet-Ups | Session Sponsor | Majesco",2025-10-17T20:15:00.000Z,2025-10-17T21:15:00.000Z,TBD,General,All,sponsored|day3,,2025-09-11T17:52:49.536Z,2025-09-11T17:52:49.536Z
